x,y,label,sublabel,set
0.2033188812749255,0.1335148365275683,1,1,0
0.19607685551085746,0.11307277117499108,1,1,0
0.21459148272550796,0.12537389605205201,1,1,0
0.1785053240894051,0.08707205853668747,1,1,0
0.2026728492075713,0.13471878277913016,1,1,0
0.19054482986208324,0.1211571427668875,1,1,0
0.21525942161624836,0.10984122849936145,1,1,0
0.2625159163754921,0.09540685758405648,1,2,0
0.2605717933453018,0.12064827760849754,1,3,0
0.2827050837084492,0.15931490994337513,1,4,0
0.22990276364785742,0.17277588399022206,1,4,0
0.2794698073782801,0.16026306945860433,1,4,0
0.2500226489203415,0.1575843229704974,1,4,0
0.2648532689477189,0.18522626803902714,1,4,0
0.24625283675635926,0.21108518044984215,1,5,0
0.29051073320538423,0.19459526876264135,1,5,0
0.2807538882149428,0.21684992686700547,1,5,0
0.300431983987306,0.19954779527499444,1,5,0
0.2773186984444549,0.20261682034953082,1,5,0
0.275632421889938,0.21136566536063844,1,6,0
0.25741942115791405,0.1959935233392037,1,6,0
0.24563159044247398,0.2468620218911996,1,6,0
0.3074624034018527,0.1773209646669613,1,7,0
0.3094929885367462,0.1641441591320599,1,7,0
0.2998208010046944,0.19622838299379125,1,7,0
0.3128548750641067,0.17913138829413147,1,7,0
0.3042604381054288,0.1630009991610186,1,7,0
0.31205951814509275,0.18188487049531696,1,7,0
0.2903117361620105,0.18322408239152602,1,7,0
0.30260071879316375,0.14730032904151125,1,7,0
0.28492376714123824,0.18178363975216308,1,7,0
0.30843416671903673,0.12400285653444937,1,8,0
0.316237937431814,0.10943679271963144,1,8,0
0.32611669605573557,0.13407572604177043,1,8,0
0.3108472259447088,0.1289409520323369,1,8,0
0.3517153277298633,0.09703832544112034,1,9,0
0.34734993564055533,0.09149057009937116,1,9,0
0.3428578963638027,0.08858305183995635,1,9,0
0.32446492415186434,0.1125383253254202,1,9,0
0.3281912744176723,0.10330473375641232,1,9,0
0.38031818624767355,0.13180817355208332,1,10,0
0.37634902877548115,0.12263105507573527,1,10,0
0.37420758927348485,0.12324777211577756,1,10,0
0.34111214780549,0.13099940627998258,1,10,0
0.36189749459430376,0.12733340737619475,1,10,0
0.417855832398235,0.14769741490161345,1,11,0
0.37557338082925484,0.16568668450894222,1,11,0
0.40608747102539877,0.1391711594573016,1,11,0
0.40724540104058077,0.15120507771154856,1,11,0
0.45470961150889533,0.14252191684323207,1,12,0
0.4364710942129409,0.14841623348551805,1,12,0
0.44954153811739794,0.11310836809360134,1,12,0
0.4353417607246822,0.1261142846939629,1,12,0
0.448184077421416,0.14309812037882674,1,12,0
0.43854023586471397,0.1214081696305942,1,12,0
0.45571012986439985,0.125374261904451,1,12,0
0.45959016833811095,0.1120976291457383,1,12,0
0.46025306328456034,0.10931754955614482,1,12,0
0.4511148013534201,0.12218897778315496,1,12,0
0.4304032704682294,0.15954749963436687,1,13,0
0.8167646932491163,0.5645822596308631,2,1,0
0.7797508495465867,0.5851037597728344,2,2,0
0.8061646188129803,0.6034795610115553,2,2,0
0.7667400467909405,0.60254655204582,2,3,0
0.7606697561228719,0.5972876080507181,2,3,0
0.7603185861796656,0.5999962642786951,2,3,0
0.7322033673012559,0.5683608404960057,2,4,0
0.7341406868894864,0.5855754471032778,2,5,0
0.7302746561809775,0.5848973948277575,2,5,0
0.7456556465346138,0.5728221266978439,2,5,0
0.6971360607019667,0.581234521929073,2,6,0
0.6614371846576637,0.5733942014521911,2,7,0
0.680404722231292,0.5874452181548071,2,7,0
0.6686147074964773,0.5370702209195689,2,7,0
0.6759272869231308,0.5565982317312912,2,7,0
0.6466362223549273,0.5953566001453405,2,7,0
0.68319309792622,0.5985020149311917,2,7,0
0.6910565179277575,0.5641022346815207,2,7,0
0.6628127803999253,0.5775286584842478,2,7,0
0.6450626387449779,0.5537645937556908,2,7,0
0.6707453408835836,0.5728278564008863,2,7,0
0.6527804642132204,0.588107494248163,2,7,0
0.6821904873802469,0.6123566251472216,2,8,0
0.644942869713468,0.624647872129939,2,8,0
0.683048004557966,0.6391526687682572,2,8,0
0.6891663853547727,0.5893042526192368,2,8,0
0.684471764109793,0.6360451020900837,2,8,0
0.6914395505009211,0.6305274387231521,2,8,0
0.6664222142905674,0.6145562540724279,2,8,0
0.3076361027607315,0.3201446923247826,3,1,0
0.31179678649178394,0.3156040544998651,3,1,0
0.3381783433417434,0.28960237424866075,3,1,0
0.32692017020326286,0.2916033036206589,3,1,0
0.2924546947174301,0.29439896627543716,3,1,0
0.27354320531048915,0.3230294867003102,3,1,0
0.29953030342686193,0.3287324453122189,3,1,0
0.32186260661193156,0.3177171273726783,3,1,0
0.32216665410318307,0.3146710205505895,3,1,0
0.30659575562391994,0.3213225793253794,3,1,0
0.3004715134921821,0.3015873794998662,3,1,0
0.31592893195312305,0.32586583704134986,3,1,0
0.27727832304707306,0.31388902086867315,3,2,0
0.26918348884468624,0.29287748403993924,3,2,0
0.26877187594295354,0.29552429205938485,3,2,0
0.27788080934768367,0.2749272266953278,3,2,0
0.27704715516100803,0.2869786028504954,3,2,0
0.26693469586791096,0.2938178218732229,3,2,0
0.26279005261219934,0.270584328459877,3,3,0
0.2750149346482451,0.26679074679032894,3,3,0
0.24599743232533788,0.274084788654648,3,4,0
0.23891765561736372,0.24513934964116083,3,4,0
0.255964143906592,0.2199599354409328,3,5,0
0.26262696229424204,0.17999552107688122,3,6,0
0.2838339510241661,0.17130046551483022,3,6,0
0.2768394597036972,0.19997682362433922,3,6,0
0.2476642336962943,0.18384110089657327,3,6,0
0.25287459534477663,0.1886028449009493,3,6,0
0.2721449968459623,0.19665609263852202,3,6,0
0.24764296154650203,0.1860396586765262,3,6,0
0.23258802671304873,0.22412677256386018,3,6,0
0.237146224317726,0.19970458438648603,3,6,0
0.26171333689729875,0.1813813245619479,3,6,0
0.24272118114628552,0.19102934925733886,3,7,0
0.3012462980128771,0.19621173855303428,3,8,0
0.28292653016310937,0.16864782910649892,3,8,0
0.28796534933155293,0.18066527367299956,3,8,0
0.3013464630200723,0.1852916696128451,3,8,0
0.30232433266164244,0.16621045502473475,3,8,0
0.32146080913063496,0.16907610993544886,3,9,0
0.27541155142962304,0.1525883968775088,3,10,0
0.31508791762976013,0.12888930356531467,3,10,0
0.2869889640113776,0.17513398062476335,3,11,0
0.30553627086166013,0.23591762368720723,3,12,0
0.3380836183889296,0.26020836746099324,3,12,0
0.33811754637116903,0.28574751974701046,3,13,0
0.31852943818110374,0.2515930306363765,3,13,0
0.30239021565601326,0.26434067125179667,3,13,0
0.29398285158331106,0.27968386759825453,3,13,0
0.3077553111702316,0.2777125309335729,3,13,0
0.31297179573127104,0.2688704167986912,3,13,0
0.285939623785471,0.2583252329101341,3,13,0
0.5433443795287293,0.7004189945878335,4,1,0
0.4978001292966077,0.6579611614233015,4,2,0
0.44972723236902296,0.6614801859881034,4,3,0
0.44824538498719774,0.6979284239842145,4,3,0
0.44969007329736954,0.6485551883664672,4,3,0
0.456830228649006,0.6694178416952392,4,3,0
0.4376993438856975,0.6815986678240403,4,3,0
0.4506549916805289,0.6870766850179607,4,3,0
0.4563093129018052,0.6862665034255531,4,3,0
0.46169415884466797,0.6797557119583884,4,3,0
0.47845248925633355,0.6844664363355818,4,3,0
0.48386010958996006,0.6951444766667061,4,3,0
0.44465528897527745,0.682375911113803,4,3,0
0.4693059394968132,0.6699006754524025,4,3,0
0.4741334356617399,0.6940839061728172,4,3,0
0.4590848771297542,0.6664822929713391,4,3,0
0.4534758149851297,0.6905194682508082,4,3,0
0.42225215781341263,0.6774743051967529,4,4,0
0.41312434601752274,0.689557254285541,4,4,0
0.41514487682112006,0.6322230058419451,4,4,0
0.40655490544760514,0.6553912947133507,4,4,0
0.4285897990666196,0.618529638881934,4,4,0
0.40372248113171344,0.6701494990949602,4,5,0
0.3953135521202858,0.6870835824787054,4,5,0
0.41173536628610735,0.700095441558249,4,5,0
0.38543773632398226,0.6827252995425253,4,5,0
0.3968975442677643,0.710332614755909,4,5,0
0.41077734159544105,0.7105877558245896,4,5,0
0.39777609882793347,0.6868965547437605,4,5,0
0.3653535434784417,0.7006637377254583,4,6,0
0.3776374654948676,0.6677305336516838,4,6,0
0.38509458425476856,0.6825566997447428,4,6,0
0.384979775858112,0.656679002884852,4,6,0
0.38807585649353143,0.6687588265207473,4,6,0
0.36121865702381806,0.6276099835607218,4,7,0
0.3856972709179976,0.6344927916583295,4,7,0
0.3824492369966597,0.6433176707792373,4,7,0
0.3554210724543747,0.5680909019271828,4,8,0
0.34118805131501906,0.5980667946627497,4,8,0
0.3546030910671185,0.5769730117910927,4,8,0
0.3312148186965334,0.5776788334890527,4,8,0
0.3190395066339429,0.5832532165461051,4,8,0
0.2818563967812465,0.5286315709686071,4,9,0
0.30702968804720804,0.5438303743175796,4,9,0
0.2974971538706784,0.5398203250888816,4,9,0
0.28418469316410894,0.5352226739631722,4,9,0
0.3527225015790359,0.5519925805324033,4,10,0
0.3122375029452778,0.5405462763083099,4,10,0
0.3358051691034761,0.5750533031308414,4,10,0
0.3348609101976106,0.5454982364298655,4,10,0
0.3214838856079659,0.5450532904461106,4,10,0
0.3536905082796898,0.5439860029057482,4,10,0
0.32109848703669275,0.5646768908793252,4,10,0
0.3321484732317949,0.5571847407650531,4,10,0
0.35230316996880123,0.5825527193672975,4,10,0
0.32229923141069305,0.5490452044956651,4,10,0
0.32074751803148566,0.5635442822149676,4,10,0
0.32108274756206245,0.5536365149733726,4,10,0
0.33100571457662026,0.5691910300475088,4,10,0
0.3089057100248626,0.5208414218198717,4,10,0
0.3180969214903373,0.5518155230189609,4,10,0
0.32245953686187073,0.5629359945017115,4,10,0
0.3040354321573055,0.5726977465261214,4,10,0
0.33065665339166816,0.5869807119392024,4,10,0
0.34057068080953673,0.5514239023496124,4,10,0
0.32260056168835266,0.5631156704155665,4,10,0
0.35307014872311804,0.5537829438508821,4,10,0
0.35317546750645656,0.5576252753202313,4,10,0
0.3102500469703558,0.5783352746658491,4,11,0
0.32765159449037196,0.6234609448084002,4,11,0
0.3255343240329151,0.5929979681947042,4,11,0
0.23703745521762912,0.4657282893463707,5,1,0
0.2320401703855491,0.5206764745875826,5,2,0
0.239006186669996,0.5142559558581995,5,2,0
0.20930753444497602,0.47787496243424876,5,3,0
0.21766276254759542,0.46371528806901857,5,4,0
0.20138288265175924,0.4848251678595116,5,4,0
0.19214168319666652,0.5023557542305812,5,4,0
0.18502939087435782,0.4871011472420204,5,4,0
0.19594264298094177,0.4547997439743047,5,4,0
0.15787349607988657,0.5392817423996299,5,5,0
0.14204025699869388,0.5230918980818544,5,5,0
0.1337792415920896,0.5232440083069662,5,5,0
0.1403628280433579,0.5230688356971004,5,5,0
0.15116298472071651,0.5194617960830865,5,5,0
0.15615754474050694,0.5314358498139086,5,5,0
0.13115016656391032,0.5139436487027367,5,5,0
0.05143952848480903,0.5208632597778879,5,6,0
0.08500757862366987,0.5027885196770634,5,6,0
0.08796376225988668,0.4902493742585337,5,6,0
0.1048206697164932,0.48510847986529754,5,6,0
0.08721487989468914,0.5087708965767289,5,7,0
0.06255428031465866,0.5035751501269351,5,7,0
0.10710211528158939,0.45926701130498304,5,8,0
0.08775272835513118,0.4333668054206849,5,8,0
0.07578577242151222,0.4601031005870413,5,8,0
0.08960206143790038,0.42104057724772953,5,8,0
0.05845466319069853,0.4584378423280333,5,8,0
0.0482695850644369,0.46647185507674327,5,9,0
0.027071933341794533,0.4515232126780425,5,9,0
0.06351199244211504,0.42972373713175666,5,9,0
0.05442022650343906,0.45181635355817373,5,9,0
0.04362823707120708,0.44085327239537175,5,9,0
0.0360435868916334,0.4752775475555253,5,10,0
0.015486272569685147,0.3805050366865028,5,11,0
0.033809736093991585,0.390150060067274,5,11,0
0.00888688155056635,0.3730345127836919,5,11,0
0.031372073274328185,0.4062366885790045,5,11,0
0.030046513031508536,0.3689722932865332,5,11,0
0.013170169976942533,0.4034089375749884,5,11,0
0.023142885855453446,0.40639351610824775,5,11,0
0.03248932901797632,0.4017909715388292,5,11,0
0.019287122980547963,0.37908011608102155,5,11,0
0.010027254630097656,0.3903095289176499,5,11,0
0.0868760488683097,0.39163924018046703,5,12,0
0.08164723904496632,0.41365072684939536,5,12,0
0.11242093721243444,0.41608151703085505,5,12,0
0.11959372978552088,0.3670136181873766,5,13,0
0.10868817964091758,0.3632599180400846,5,13,0
0.13218995786442508,0.3903126971177309,5,13,0
0.11228414067677395,0.3921360215035069,5,13,0
0.15400132321799428,0.3738895151887554,5,13,0
0.12147640054775488,0.3428994516045401,5,13,0
0.1259952017305244,0.4355646321890329,5,14,0
0.46997729391074106,0.17899226747808658,6,1,0
0.47771248828250834,0.18002032505834858,6,1,0
0.46569451685335866,0.1882198846345633,6,1,0
0.49031484718377527,0.20849987091113523,6,2,0
0.5189226240552088,0.22845220107975292,6,2,0
0.495884635196472,0.20745524277362348,6,2,0
0.5148612783126122,0.24785324029236588,6,2,0
0.4952578417392636,0.2273818235373211,6,2,0
0.488338405946313,0.244774594208529,6,3,0
0.48498974473859746,0.25375240855654146,6,4,0
0.49434856614241107,0.2723401673615377,6,4,0
0.50412383645141,0.2720757139141767,6,4,0
0.5108388415115478,0.2627829319428849,6,4,0
0.5031069248554286,0.2486211636360292,6,4,0
0.48095876810731236,0.2902410785076437,6,4,0
0.4526968807835485,0.3270332664130869,6,5,0
0.3988377523316956,0.2929903107765208,6,5,0
0.42564315699694033,0.294153068623952,6,5,0
0.4581898197192583,0.30706589501304415,6,5,0
0.4651001763507488,0.29425552933074256,6,5,0
0.4412979271919876,0.31875869904522447,6,5,0
0.48400385413426633,0.31982304632565406,6,5,0
0.4538219084820205,0.3383750865510506,6,6,0
0.43882745031194714,0.3480693944614718,6,6,0
0.3941261748016764,0.30905303981454596,6,6,0
0.4280112510426545,0.32013549201452923,6,6,0
0.43530227776448743,0.30721596589755795,6,6,0
0.4396767890313413,0.3362948455853787,6,6,0
0.4482029648286415,0.34391847898543176,6,6,0
0.47040750268284615,0.31391544298446983,6,6,0
0.4030204952368808,0.35624813707083675,6,7,0
0.4166418123763471,0.3901843299544005,6,7,0
0.42169921024414697,0.3831009199685757,6,7,0
0.41063215602785624,0.3623995982881101,6,7,0
0.43307184639635177,0.36256222234364593,6,7,0
0.4410266676527717,0.3417079564378814,6,7,0
0.4279397894669783,0.32450763938445765,6,7,0
0.4225964311055502,0.3805648955530658,6,7,0
0.9846261668948542,0.8304513936301207,0,0,-1
0.7283007436434016,0.6119039736306746,0,0,-1
0.09541386731861967,0.9630194480406753,0,0,-1
0.07091572572773086,0.018880672267808873,0,0,-1
0.8334903027434923,0.4795083783850529,0,0,-1
0.2016004344286142,0.0708503129825997,0,0,-1
0.4468656522733915,0.6787404721117781,0,0,-1
0.8351348190372372,0.6443914240856325,0,0,-1
0.5400210369518688,0.13387186400580497,0,0,-1
0.04192810958094528,0.8913490055157424,0,0,-1
0.7796708480064994,0.3114761545651906,0,0,-1
0.6431388730971163,0.6535234496898522,0,0,-1
0.6533844619343172,0.7130952864731561,0,0,-1
0.12981131594483597,0.9084727190384171,0,0,-1
0.10734736199845196,0.0735443329295754,0,0,-1
0.6701864868015556,0.04997195921291598,0,0,-1
0.4455740212918673,0.1097923599428895,0,0,-1
0.21300953826130586,0.5123730796255905,0,0,-1
0.9275910703066154,0.5037424160230314,0,0,-1
0.9868941001606779,0.6729458416437478,0,0,-1
0.6655974790521444,0.20955906404153568,0,0,-1
0.8036984621683742,0.8633929761307289,0,0,-1
0.5313154055642685,0.9021052918642843,0,0,-1
0.7697337974346904,0.5658710166807218,0,0,-1
0.11859694665168286,0.4395237490578646,0,0,-1
0.27860600659969703,0.1975226057145093,0,0,-1
0.6526892777798057,0.8840409080669454,0,0,-1
0.5048096749954366,0.8647929839728116,0,0,-1
0.8077234851738837,0.9495963714914799,0,0,-1
0.3976480835401326,0.023952641592852264,0,0,-1
0.24711267293915296,0.9320394622974248,0,0,-1
0.2098200820523226,0.31007808614438614,0,0,-1
0.8854189407808283,0.4074998148204094,0,0,-1
0.8227736601729279,0.1453295385853185,0,0,-1
0.5823105981758064,0.45904956923451434,0,0,-1
0.28317335841978164,0.19796359887909398,0,0,-1
0.4160854703773166,0.9966934959406527,0,0,-1
0.5592892674520217,0.4227899058324729,0,0,-1
0.33424596162495845,0.6629957269308951,0,0,-1
0.5130447419605669,0.23587990746152698,0,0,-1
0.31444538128678656,0.49421319523337004,0,0,-1
0.1864494917009899,0.27385944336635504,0,0,-1
0.7384673641757614,0.7160948915206253,0,0,-1
0.9114582203253833,0.20128694810297276,0,0,-1
0.278636531126368,0.6263226732117038,0,0,-1
0.16368642994581606,0.11807312567218387,0,0,-1
0.36086247819919737,0.9636292163094106,0,0,-1
0.0387016928932169,0.47009930339183603,0,0,-1
0.7947750027677398,0.21492809927456724,0,0,-1
0.013712588332540075,0.052400514129850806,0,0,-1
0.9465629513831321,0.013285725378954893,0,0,-1
0.06762623446171022,0.8241784269344161,0,0,-1
0.5366190432934013,0.8806481879221625,0,0,-1
0.6388741127901827,0.6944716206015892,0,0,-1
0.6336725103438642,0.9451670666343482,0,0,-1
0.29362363380632217,0.5925571112914451,0,0,-1
0.8971595401229098,0.11899706785238962,0,0,-1
0.9241993503985102,0.2008173072902817,0,0,-1
0.06918831357584121,0.3637086025548062,0,0,-1
0.24486863843915396,0.8599887399076664,0,0,-1
0.871782898239843,0.2733019457884627,0,0,-1
0.2543757770917311,0.27184922666311206,0,0,-1
0.43279716461780426,0.6056402948677686,0,0,-1
0.36397688267285244,0.3953689047271368,0,0,-1
0.05544846486674726,0.4054383897801056,0,0,-1
0.9415165703642812,0.5047843370012653,0,0,-1
0.8103681360389386,0.7184120208437004,0,0,-1
0.9562912328380399,0.10384458158448129,0,0,-1
0.12915600349502065,0.0012757239280164479,0,0,-1
0.8716303460518363,0.2734901409474717,0,0,-1
0.25196696681142483,0.621440313549784,0,0,-1
0.5247683091025298,0.2883040724097191,0,0,-1
0.5711015256040024,0.9874174871918214,0,0,-1
0.21879469333136792,0.2720217877526533,0,0,-1
0.8452026092130597,0.45499123433745003,0,0,-1
0.3674650629424403,0.2894801956698424,0,0,-1
0.5575064104497462,0.1061011599940932,0,0,-1
0.011166708453893115,0.20946595793429246,0,0,-1
0.6407417019905797,0.7849722794628263,0,0,-1
0.6150203196908699,0.01624098390550277,0,0,-1
0.5119854102741573,0.9805548602892379,0,0,-1
0.6211193974906634,0.3762205534453641,0,0,-1
0.9368807166375815,0.7036002112445924,0,0,-1
0.6628945362245472,0.3154528200860687,0,0,-1
0.6462376251836883,0.7970677059694241,0,0,-1
0.7196472401555011,0.024736887143371522,0,0,-1
0.15935421394031635,0.673115406588568,0,0,-1
0.627841667345029,0.11558259207249477,0,0,-1
0.18784823075687218,0.9777274308684831,0,0,-1
0.1657599024208398,0.263643417114123,0,0,-1
0.5375057308268345,0.7891035791551976,0,0,-1
0.5518071434164256,0.39856729047037676,0,0,-1
0.32285269500341995,0.0997496324211743,0,0,-1
0.34004864932599477,0.23285147229613856,0,0,-1
0.6521783150790905,0.5789587713764321,0,0,-1
0.6347440463604843,0.7426775763743136,0,0,-1
0.8281153019088862,0.5600683723872321,0,0,-1
0.33025822652310033,0.79719246192069,0,0,-1
0.09029089478368901,0.04421495699732503,0,0,-1
0.31567521378957686,0.8394751724714848,0,0,-1
0.4277414102164403,0.7990972660600787,0,0,-1
0.23319429734776354,0.6987401745202195,0,0,-1
0.9163089067998115,0.7683684542954353,0,0,-1
0.7789165791884468,0.25368157281120474,0,0,-1
0.5407070204866629,0.9512605817227352,0,0,-1
0.2914171666951372,0.331334798988687,0,0,-1
0.22441720646064256,0.3201373344970425,0,0,-1
0.19891059108428621,0.16619751468865152,0,0,-1
0.7561421974032069,0.7765741047818254,0,0,-1
0.3568518475237472,0.8653950325305342,0,0,-1
0.4942810873296274,0.3554581639929226,0,0,-1
0.9210824859040462,0.6337620705774933,0,0,-1
0.4549358012536474,0.40862023158415584,0,0,-1
0.18953105648777224,0.5620671953341304,0,0,-1
0.762677856451092,0.5308084771664707,0,0,-1
0.4009436141092172,0.06616140299091933,0,0,-1
0.8481622988356765,0.27765873398022967,0,0,-1
0.5055465461468276,0.6013751155396744,0,0,-1
0.2671949715222065,0.4843173724084727,0,0,-1
0.8360000207707077,0.7425713762449457,0,0,-1
0.5404027574806953,0.7477288742551598,0,0,-1
0.48020815636162906,0.5568469588160265,0,0,-1
0.8015783369099431,0.5761599395270413,0,0,-1
0.854632034153637,0.5693888526602267,0,0,-1
0.49340061038422844,0.7618764036874065,0,0,-1
0.7648188944044769,0.7908717238623816,0,0,-1
0.868504454530921,0.10148822909934152,0,0,-1
0.41284010195633414,0.23582937109820745,0,0,-1
0.3489637371074772,0.5431622223396299,0,0,-1
0.4372623820383006,0.03760183086536273,0,0,-1
0.508738993383239,0.13660328161397628,0,0,-1
0.6655643562661665,0.38217960697674147,0,0,-1
0.30610004038461613,0.15169857557754218,0,0,-1
0.36118406347110676,0.8065127336332811,0,0,-1
0.401706680257229,0.3914052537436914,0,0,-1
0.15980795736393216,0.9963445043725898,0,0,-1
0.7050902389829443,0.21817127591506125,0,0,-1
0.8592489502583847,0.18089939886002226,0,0,-1
0.3841077356922503,0.10977196240412446,0,0,-1
0.20238636907552487,0.2153912000898891,0,0,-1
0.8213979847042201,0.8605782386520446,0,0,-1
0.8280949077538409,0.7517796298553455,0,0,-1
0.5706041384858933,0.3271939032340865,0,0,-1
0.47241093296511216,0.7523215147860647,0,0,-1
0.2565149783743128,0.6283014551886603,0,0,-1
0.24674554511947666,0.13744160095773894,0,0,-1
0.2074480689801158,0.09739804640306693,0,0,-1
0.48926857810714963,0.37890288875239586,0,0,-1
0.2612039694375424,0.04536497743892043,0,0,-1
0.8658130904285317,0.569343918718263,0,0,-1
0.9216489329878489,0.49177800451751885,0,0,-1
0.6547011605063319,0.3634992434507557,0,0,-1
0.02940991753084321,0.6516993827691968,0,0,-1
0.3690264324615312,0.019934090130392046,0,0,-1
0.9892344085004235,0.1532317435157965,0,0,-1
0.5441635582719986,0.04940713872100955,0,0,-1
0.6838947591822558,0.31966150375540814,0,0,-1
0.32303480798779116,0.9154563917923719,0,0,-1
0.5103568024148325,0.43574433023147474,0,0,-1
0.9779484050454088,0.8002444114844716,0,0,-1
0.05606876533518945,0.2315920595092189,0,0,-1
0.9427763705796216,0.2903422819815833,0,0,-1
0.7660703872446263,0.9896380108652792,0,0,-1
0.35189336407238325,0.4513695739095903,0,0,-1
0.365548720809336,0.388018189700274,0,0,-1
0.7104125106923893,0.7644724626902346,0,0,-1
0.32006055710743064,0.9285646393503223,0,0,-1
0.16783303036575792,0.525920954897483,0,0,-1
0.3110444464883295,0.6755295063166941,0,0,-1
0.870046129601185,0.40041767662340544,0,0,-1
0.9861776514697894,0.0207959690765287,0,0,-1
0.659010481951654,0.07666640317560935,0,0,-1
0.05360517905942763,0.8166150152243564,0,0,-1
0.6604242068422382,0.8088721871681888,0,0,-1
0.2097692674874796,0.8488598408637636,0,0,-1
0.028436908982476083,0.05515578098260132,0,0,-1
0.22163334450476502,0.9961598509322331,0,0,-1
0.3956813111065183,0.7020979464919381,0,0,-1
0.37308790783143886,0.04565633197217778,0,0,-1
0.5720882186034995,0.3925061204845798,0,0,-1
0.23027070037951514,0.03400724827701407,0,0,-1
0.5518940449041716,0.8750928880165496,0,0,-1
0.6873064797712599,0.6603273267441921,0,0,-1
0.40031833139039585,0.23478108960299204,0,0,-1
0.7724032267749833,0.5881977341124993,0,0,-1
0.42620414117621097,0.12067084873452816,0,0,-1
0.28640506127165577,0.855901323306561,0,0,-1
0.42979093186773765,0.8758866745664482,0,0,-1
0.23121846025932358,0.0695932900528482,0,0,-1
0.136317653036775,0.4470412130783541,0,0,-1
0.8847935967228632,0.6977390663962342,0,0,-1
0.42497473490686455,0.6790972293474723,0,0,-1
0.7960615577898771,0.0745121865754278,0,0,-1
0.23019993338104905,0.520457157678802,0,0,-1
0.27614344593592866,0.23277277276652042,0,0,-1
0.8325261303844177,0.7905924909756429,0,0,-1
0.8263060776736504,0.25920365640667864,0,0,-1
0.5507215362533556,0.5912885977343612,0,0,-1
0.5190084926054125,0.9615670959584613,0,0,-1
0.727690948192619,0.06435399626256688,0,0,-1
0.2628990757768569,0.302578724636958,0,0,-1
0.5178877090494166,0.7593948584221982,0,0,-1
0.3735769183257027,0.6279100148925284,0,0,-1
0.9383253670931155,0.1991668794560313,0,0,-1
0.3089047607038743,0.18663951038655946,0,0,-1
0.4923052480164183,0.9187722844821297,0,0,-1
0.6690945830177644,0.9313201151403873,0,0,-1
0.5672718425391935,0.9256930792222643,0,0,-1
0.48015180551083436,0.8607757795484849,0,0,-1
0.5836876912377762,0.40199110039956454,0,0,-1
0.14685980944116983,0.5086805075154017,0,0,-1
0.9289528457480273,0.12623813360101488,0,0,-1
0.03539071300140151,0.5675205430107986,0,0,-1
0.9065892344212332,0.31395924230958816,0,0,-1
0.7031203253996293,0.7521083288862478,0,0,-1
0.16921431553585642,0.13513219680653799,0,0,-1
0.6110882038204355,0.6508716503634914,0,0,-1
0.3138928583700017,0.17615864974128626,0,0,-1
0.15673767332721056,0.3208551060686854,0,0,-1
0.5126334871396627,0.6004298284364303,0,0,-1
0.23306384808237904,0.7906079009402472,0,0,-1
0.3227078216469135,0.16115951135354822,0,0,-1
0.2704173355495386,0.9304615220098715,0,0,-1
0.9040510593843761,0.9531430461757754,0,0,-1
0.3541544672744201,0.7359306629481728,0,0,-1
0.5477491857270623,0.7238349829085557,0,0,-1
0.9732331119174477,0.5641284245832305,0,0,-1
0.6305147975517372,0.8435027728496153,0,0,-1
0.39854993097315283,0.5678871083402077,0,0,-1
0.6957650362674643,0.9401273819169041,0,0,-1
0.7629301356625603,0.5230682917815623,0,0,-1
0.023207670049813167,0.1531379028027926,0,0,-1
0.4968622438374224,0.4319008354672099,0,0,-1
0.04548124053786162,0.007160163115880636,0,0,-1
0.7963306195566783,0.07627935082213144,0,0,-1
0.1938651349885625,0.012221130373329172,0,0,-1
0.9648735348611628,0.86660890280284,0,0,-1
0.5231838162564786,0.9521289393239686,0,0,-1
0.09656897026331523,0.8172743635589027,0,0,-1
0.010686402488448878,0.6425572024663536,0,0,-1
0.6506221305164843,0.844036516662858,0,0,-1
0.6460416411680614,0.9362281304255242,0,0,-1
0.9274957426644584,0.4820054791361448,0,0,-1
0.8715762129473503,0.018057630052392467,0,0,-1
0.09967247801932999,0.3655319375412919,0,0,-1
0.47206318491180244,0.2072328444680831,0,0,-1
0.8898406559874664,0.49037722373051795,0,0,-1
0.17110831109772118,0.34441839645186645,0,0,-1
0.003583733148453283,0.891796150863463,0,0,-1
0.04657899815818788,0.7568520138204663,0,0,-1
0.44596825813794905,0.06089951545238714,0,0,-1
0.023074294567922204,0.022324061179186394,0,0,-1
0.07408322303086723,0.6193314974738233,0,0,-1
0.9828405295396696,0.6200338067498592,0,0,-1
0.2853596893783137,0.7327925869582239,0,0,-1
0.6196641673311651,0.05141809017545973,0,0,-1
0.38491263406755505,0.25912409166990236,0,0,-1
0.07854639520159534,0.09759852047020823,0,0,-1
0.09807969018451845,0.8518204123698877,0,0,-1
0.7345785771724143,0.9044508051238065,0,0,-1
0.77953180299635,0.8163420189020751,0,0,-1
0.41045009002681376,0.10574741756223338,0,0,-1
0.36082892480722994,0.4623836324486016,0,0,-1
0.666607234789279,0.5050795201803795,0,0,-1
0.3582375873693088,0.08151134294739104,0,0,-1
0.23161385762063547,0.905059820048267,0,0,-1
0.2720874796042769,0.6715466459463719,0,0,-1
0.9488932255268616,0.26845519311042865,0,0,-1
0.7315322568741612,0.022936483765270577,0,0,-1
0.6441167978425268,0.5963084132906803,0,0,-1
0.9122050832406093,0.6683917210150978,0,0,-1
0.8930005655367697,0.1661970003218758,0,0,-1
0.275991554415452,0.5236780244585719,0,0,-1
0.31096335166587763,0.7857774448111697,0,0,-1
0.3516544312107137,0.3673752462428098,0,0,-1
0.5662348142588692,0.1562102928723511,0,0,-1
0.9299061052035054,0.9987511662474092,0,0,-1
0.11306628004380892,0.8206858374168674,0,0,-1
0.8958158785805592,0.5820825037222367,0,0,-1
0.022094615458089883,0.409942402108479,0,0,-1
0.3395371229447407,0.5015091762476174,0,0,-1
0.9810976284109969,0.40071410301742627,0,0,-1
0.5861482777779516,0.9823814382390733,0,0,-1
0.6399672434152399,0.335906044501158,0,0,-1
0.01073588210783738,0.058677442767857024,0,0,-1
0.23245540863446512,0.8743164566738554,0,0,-1
0.10546407944105518,0.677486655293639,0,0,-1
0.774182115261147,0.4478262424171341,0,0,-1
0.49597875104498135,0.1640980767517768,0,0,-1
0.9195552251448336,0.39354391290104973,0,0,-1
0.5805414379895998,0.02310266207745315,0,0,-1
0.198309809975464,0.6618076354666668,0,0,-1
0.6529898054587059,0.688171837222544,0,0,-1
0.030048534357215436,0.6601656125090817,0,0,-1
0.40955501869307354,0.06496794670115291,0,0,-1
0.08760619185496477,0.5625905059609475,0,0,-1
0.15913649268699603,0.419195384966473,0,0,-1
0.7273218349681834,0.1849679114020195,0,0,-1
0.4004225381354404,0.5676756625303471,0,0,-1
0.061865989534971244,0.24985102534904835,0,0,-1
0.6797624697852398,0.7328470971414495,0,0,-1
0.9565823705622093,0.9884242898432074,0,0,-1
0.8111829492240193,0.24649725498380282,0,0,-1
0.9097797592878585,0.29179376512213595,0,0,-1
0.3172214497920377,0.35464685556030806,0,0,-1
0.5937293935782969,0.21146699659281387,0,0,-1
0.6714228433202563,0.6241392767398508,0,0,-1
0.8102216985523428,0.6865910909381342,0,0,-1
0.3193362562027303,0.2506620110601844,0,0,-1
0.3502627780601587,0.2491045656428692,0,0,-1
0.8312225881628349,0.041218866266597654,0,0,-1
0.2596314379611647,0.1801730881094441,0,0,-1
0.5161903208433888,0.6875731361384803,0,0,-1
0.21412594352977166,0.2790158591324372,0,0,-1
0.5337595355121928,0.5125540156240139,0,0,-1
0.17272246228636898,0.41037665051897043,1,1,1
0.15079531350050504,0.42817014401934805,1,2,1
0.11415160252274524,0.3808912632037283,1,3,1
0.10167807710359589,0.39888014219694934,1,4,1
0.06979028848001056,0.456831702958081,1,5,1
0.09776050225436232,0.47259971494226,1,5,1
0.0691525025699207,0.46499285269093915,1,5,1
0.09085078742958508,0.4591072315016975,1,5,1
0.07470109329338326,0.41365808947888677,1,6,1
0.07584468674677698,0.4426751562397287,1,6,1
0.09669210436683344,0.4400953992669542,1,6,1
0.0784513731185243,0.40875799279373803,1,7,1
0.09145757173329662,0.43154261030735447,1,7,1
0.037420612905685414,0.41005499064318063,1,7,1
0.07432961294859682,0.3966603108068796,1,7,1
0.05847005868781312,0.4131161705399379,1,7,1
0.012712673343746643,0.3954208724984284,1,8,1
0.008636948365819892,0.4168201236950239,1,8,1
0.024815400909626677,0.38580709545508296,1,8,1
0.009582605655718172,0.384706896337965,1,8,1
0.05260342790429478,0.40429086508616635,1,9,1
0.010532693775307963,0.369077177341784,1,10,1
0.08193492925094818,0.35277391396913166,1,11,1
0.0689711110037728,0.35710971836914157,1,11,1
0.03898304702713736,0.3545181986677183,1,11,1
0.05968308577344968,0.35022159926184626,1,11,1
0.07751923273054839,0.3453637375684169,1,11,1
0.07996871023188576,0.3621700519519398,1,11,1
0.08907078190711859,0.3458974857932213,1,11,1
0.0543287587810503,0.35317835891428223,1,11,1
0.06861868783407436,0.37240061326867435,1,11,1
0.05924090171094746,0.35953144636157325,1,11,1
0.07066602231103992,0.3753756817190495,1,11,1
0.0719112477241099,0.3392403170961972,1,11,1
0.07218633563328244,0.3588629843605438,1,11,1
0.053291228919847715,0.3531239992285243,1,11,1
0.05494837216218194,0.35805729750262383,1,11,1
0.06716758759183561,0.35857705543873075,1,11,1
0.054888900725015156,0.3684753036347205,1,11,1
0.07096680722973477,0.3780386853331374,1,11,1
0.06990634968843448,0.33717270357353046,1,11,1
0.0722232022417443,0.33765139076041895,1,11,1
0.04488754350315449,0.3223975505324164,1,12,1
0.6346524813165556,0.21679424291722021,2,1,1
0.590181878330847,0.18079870581594118,2,1,1
0.6401679229005398,0.19132269933970622,2,1,1
0.619412228007166,0.1922697966051914,2,1,1
0.6250736183638345,0.22690610214853757,2,1,1
0.6316371034252315,0.19864065146363516,2,1,1
0.6129993411825024,0.20926114729117298,2,1,1
0.6179836933367082,0.17489839106353475,2,1,1
0.6127125001744977,0.1819380111228765,2,1,1
0.613778881226274,0.22294934133237562,2,1,1
0.5984087105476837,0.2019858010310207,2,1,1
0.6149233354638335,0.18568616664070275,2,1,1
0.6183144448167479,0.22354872249954613,2,1,1
0.5811077410051344,0.2193198722702861,2,1,1
0.6350496388667157,0.16987383887566704,2,2,1
0.6366077890283559,0.21175294003398734,2,2,1
0.64119327317208,0.21430924377203026,2,2,1
0.6319969503001689,0.16260699931136863,2,2,1
0.621363193968726,0.13052911316645807,2,3,1
0.6562986450804285,0.11918299429540752,2,3,1
0.6699602873093963,0.13463765071062,2,3,1
0.6497375687916311,0.14385198108862862,2,3,1
0.595094663191877,0.10482810853414472,2,4,1
0.5730556510751462,0.13546709611831093,2,5,1
0.59190900203766,0.10697119257749446,2,5,1
0.6173297742280629,0.1180564462306201,2,5,1
0.5894397502711931,0.08694387436338027,2,5,1
0.5612596626924717,0.16453969232090587,2,5,1
0.5911756372044765,0.10194673253978162,2,5,1
0.6181279875993095,0.13520718529944942,2,6,1
0.5956666775127242,0.142925620618424,2,6,1
0.6189685559043246,0.140686989472141,2,6,1
0.6180367881687945,0.13380887477529127,2,6,1
0.5948652507960277,0.13506179749995278,2,6,1
0.6053937426651623,0.16075874007433683,2,6,1
0.5958652560034887,0.11479109443850169,2,6,1
0.607252836599669,0.13804593956846622,2,6,1
0.5730381332375893,0.12971510071638265,2,6,1
0.6126972915782917,0.11651172539408668,2,6,1
0.5953476221130615,0.11642524149704778,2,6,1
0.6242127062169898,0.1298649222123241,2,6,1
0.5661141781586746,0.1718444967764607,2,7,1
0.6041720314927349,0.14101995988226945,2,7,1
0.6113980141503969,0.1638595607590552,2,7,1
0.5810479233674241,0.15000815866592948,2,7,1
0.6051382620529132,0.164100962226057,2,7,1
0.5969214775203483,0.14510132258911418,2,7,1
0.5779190662245882,0.2979069826228863,3,1,1
0.55959884902084,0.30128387952372615,3,1,1
0.585700376904423,0.30774075418139446,3,1,1
0.5804221152864815,0.2959428480904393,3,1,1
0.5864137752821065,0.2975850551199208,3,1,1
0.6083112516097466,0.2321267880948976,3,2,1
0.6070762338247178,0.2513874872333073,3,2,1
0.6008627703459402,0.26562626924964006,3,2,1
0.6102944861081019,0.23722364144206412,3,2,1
0.5966562966680288,0.3236685918026056,3,3,1
0.6435871266581773,0.32907079228785624,3,3,1
0.6387368434211871,0.3282213877868355,3,3,1
0.6265576149639283,0.3301563397994554,3,3,1
0.6510791505803385,0.35313320862916986,3,4,1
0.6436239704174122,0.3065984160037016,3,4,1
0.6634749248755221,0.3242983157852973,3,4,1
0.6641103136850535,0.33527890917958175,3,4,1
0.6760771701104096,0.2848814854347765,3,5,1
0.6662862009630979,0.30236508710270155,3,5,1
0.6581016848220748,0.2880535171083501,3,5,1
0.6989241328162261,0.23410370964709074,3,6,1
0.710165421119273,0.2795815785199924,3,6,1
0.6985492194225076,0.24332623756678562,3,6,1
0.7050871630464779,0.2889829677470306,3,7,1
0.7071147944570697,0.30933554019038967,3,7,1
0.7258902974864426,0.32936870212868025,3,7,1
0.6859304400666352,0.30756207436561617,3,7,1
0.7075388064575889,0.2842012525760527,3,7,1
0.7200728929132685,0.2929552458104718,3,7,1
0.7084293365841557,0.30827409946979434,3,7,1
0.7027487984542893,0.36274606720650693,3,8,1
0.7226159466976491,0.3557472250095145,3,8,1
0.7165280236736229,0.3557392748880414,3,8,1
0.6915780511182014,0.3509335220766919,3,8,1
0.7248731796309769,0.37144659296423915,3,8,1
0.7136153194824251,0.3612003450426639,3,8,1
0.7167531390923033,0.3466112993616779,3,8,1
0.7383752161948993,0.367733281146824,3,8,1
0.6749036195349329,0.356485484831083,3,8,1
0.33292747107177756,0.5906976627790468,4,1,1
0.3394138400927417,0.6033683508686087,4,1,1
0.3509754552467701,0.5751051086339641,4,2,1
0.3629978802481167,0.5555836662480477,4,2,1
0.3823895844547134,0.5444544172995134,4,2,1
0.3555168951651271,0.5542463730892956,4,2,1
0.3486929547997826,0.5853137014178468,4,2,1
0.3796072248147427,0.5908916504044632,4,2,1
0.37615250861351623,0.5648413701978617,4,2,1
0.37569580256014773,0.5812246403712115,4,2,1
0.3619036039373289,0.547209681492102,4,2,1
0.334734354710102,0.5787073232121364,4,2,1
0.39207630115041603,0.5636282382939997,4,2,1
0.35491229231734334,0.5584099247822882,4,2,1
0.40335141889488996,0.4999484638657349,4,3,1
0.3721540224051072,0.5299789311954581,4,3,1
0.41435405193302166,0.5560790251372792,4,4,1
0.40422354546517925,0.6122117311519465,4,5,1
0.3678239056043784,0.6131622765708468,4,6,1
0.3843375773981913,0.6137868944551561,4,6,1
0.38161154323456004,0.6196964524357377,4,6,1
0.3630289261059675,0.6169512490815084,4,6,1
0.3646419075027502,0.6520564919278373,4,7,1
0.3843705700918357,0.6521508139214924,4,7,1
0.3659295772583971,0.6479404107527179,4,7,1
0.37077688376580337,0.6200000149788496,4,7,1
0.34393328226123143,0.6462032219170486,4,7,1
0.3658843426913932,0.6390868124084594,4,7,1
0.3334085871639237,0.6555485523414052,4,7,1
0.3825285481042847,0.6407605723278966,4,7,1
0.32711866121545924,0.616520730156507,4,7,1
0.37160692991067185,0.6575636096748222,4,7,1
0.34572920427220505,0.6369508893876031,4,7,1
0.8949126803572907,0.6095168778404695,5,1,1
0.9080259344300331,0.6142427597753508,5,2,1
0.8987087192035318,0.605821356457451,5,2,1
0.9065596115359663,0.581677976995494,5,2,1
0.9301731062128442,0.597911382031231,5,2,1
0.9097729885403684,0.6130739294825485,5,2,1
0.9085541537923273,0.586761489371388,5,2,1
0.8982711731492519,0.6059388697098514,5,2,1
0.8899921474280676,0.5951434816198995,5,2,1
0.9151075688113041,0.6088542154400222,5,2,1
0.9003878381858437,0.5823909129857278,5,2,1
0.9019055344544953,0.6390990970529452,5,2,1
0.9105618506154282,0.6002025497215403,5,2,1
0.8426341854033947,0.6143971745384702,5,3,1
0.8574525152594996,0.6130493508595721,5,3,1
0.8453097185264671,0.6266933778562503,5,3,1
0.8687668924012963,0.5942303877299631,5,3,1
0.8530634838227795,0.613412637218343,5,3,1
0.8866635563691744,0.5850807103685506,5,3,1
0.8828907694187937,0.6195375986424329,5,3,1
0.8648357813322557,0.565628793387283,5,4,1
0.8307404016434069,0.578187894815185,5,5,1
0.8270230275421322,0.6127093064088585,5,5,1
0.8092986025869225,0.6017581491187523,5,5,1
0.7687469959299028,0.5968811702512086,5,6,1
0.7957027171374983,0.5840856398724448,5,6,1
0.7973085965658162,0.550471319733188,5,7,1
0.7813661538662864,0.5714222415892515,5,7,1
0.8166712738346112,0.5709561138403846,5,7,1
0.7924261302837465,0.5502194299307294,5,7,1
0.8186231580903885,0.585377188287088,5,7,1
0.8323100549233144,0.5154681542116824,5,8,1
0.8416088117990793,0.5227979660232576,5,8,1
0.8501433184309979,0.515752320413428,5,9,1
0.8477453323582552,0.5144758844788089,5,9,1
0.8644829223097865,0.5227682574369483,5,9,1
0.8901716240384386,0.5018052963589598,5,9,1
0.8598630553976101,0.5067551381499015,5,9,1
0.7452404985553667,0.6488620677807899,6,1,1
0.7583421716767693,0.6307019711191337,6,2,1
0.7756964347727612,0.6116561538454097,6,2,1
0.756675860433578,0.6306773810967845,6,2,1
0.7503051509407267,0.5969811225628934,6,2,1
0.7720306275075722,0.6560818955243435,6,2,1
0.7525802544498704,0.6165086967554679,6,2,1
0.7478592243401486,0.6053278787522279,6,2,1
0.6931215654415332,0.6649122803660158,6,3,1
0.7088905861383905,0.6386405639207745,6,3,1
0.7195059775150772,0.6614015757343857,6,3,1
0.6652506005942725,0.6497462862049668,6,4,1
0.645726882140961,0.6611723069714887,6,4,1
0.6349178111152055,0.6779757877181513,6,4,1
0.6740521480246928,0.6653120528193207,6,4,1
0.6697591660310954,0.6733663459857842,6,4,1
0.6423722750841293,0.6752880081488538,6,5,1
0.666638510573674,0.7128180635452809,6,6,1
0.6487796871359767,0.6950430951315365,6,6,1
0.6699428867149899,0.6907278693022298,6,6,1
0.6134249231613288,0.7398947958436299,6,7,1
0.5991256304694331,0.7448636086749042,6,7,1
0.6036210919381209,0.7571249477948302,6,8,1
0.5645767733285767,0.7500009950197786,6,8,1
0.6100521916846791,0.70284793688893,6,9,1
0.5745440910813592,0.7365376899395102,6,9,1
0.5767638531099041,0.7172456700383959,6,9,1
0.617618409634931,0.7052778340122536,6,9,1
0.5949779010195702,0.7285480267487578,6,9,1
0.5428419001842033,0.7207730434631544,6,10,1
0.5474293283686665,0.6900587176324124,6,10,1
0.5579645265599854,0.6869323760108258,6,10,1
0.5551778498671801,0.6806419181429674,6,10,1
0.5540178885403979,0.6896377802346695,6,10,1
0.5063030596966956,0.7264945755775997,6,11,1
0.49061425011273696,0.7077293124426869,6,11,1
0.5019333854532685,0.7163577673118247,6,11,1
0.5252671777450157,0.7188352003084005,6,11,1
0.2799105474471165,0.0523640801747457,0,0,0
0.8325536298599514,0.3825812882264682,0,0,0
0.3963410397325138,0.13157237016733792,0,0,0
0.8257909008753327,0.4127681701964132,0,0,0
0.24845002596408128,0.46311479628443963,0,0,0
0.4135981461516318,0.16589357724890963,0,0,0
0.45843662160391085,0.9468208378224429,0,0,0
0.9004986644577551,0.6642629761782026,0,0,0
0.3215478796008454,0.8070333410133275,0,0,0
0.8441488085328642,0.5993540872493595,0,0,0
0.24264798735945636,0.3446212986717606,0,0,0
0.2702338523405693,0.15759275412136664,0,0,0
0.013975754700979228,0.8586001159059599,0,0,0
0.9852077455674808,0.22049814317725702,0,0,0
0.18645140442521646,0.5838644608509322,0,0,0
0.8443910210937513,0.32532795840244755,0,0,0
0.8577646958669466,0.6468522765728473,0,0,0
0.4620079039098798,0.3138593659995992,0,0,0
0.7323245859361747,0.8717621193048541,0,0,0
0.8615368578969176,0.21467892480448114,0,0,0
0.11278354827903236,0.6162079186384939,0,0,0
0.20965249514615047,0.7667484866414737,0,0,0
0.8403417700501474,0.5017836489224923,0,0,0
0.39664898269343696,0.06654120866072699,0,0,0
0.6600763384069055,0.19779223317549977,0,0,0
0.1943116384731972,0.6540369486802186,0,0,0
0.22830599869542,0.7510829992521568,0,0,0
0.7433670743104959,0.7387325943677727,0,0,0
0.8548361313110159,0.2242580004978505,0,0,0
0.9858034207040498,0.1576543068540639,0,0,0
0.3720540988992531,0.030304506955137533,0,0,0
0.10513443868873096,0.7978063050790343,0,0,0
0.32278390343731733,0.13362308767743158,0,0,0
0.8377379655907176,0.8489552679442638,0,0,0
0.003675596733044406,0.3905855112464163,0,0,0
0.9747626674586761,0.18766427184244971,0,0,0
0.8740198957909673,0.1479104909413932,0,0,0
0.3938256111475429,0.8754933879429104,0,0,0
0.10300751043458656,0.6510997074632449,0,0,0
0.8900029175871254,0.13116461850099925,0,0,0
0.5430250107124668,0.758498948020456,0,0,0
0.7536304079636734,0.44233865450357235,0,0,0
0.9928320222554757,0.3794618239170574,0,0,0
0.041216906876769266,0.4981330876585697,0,0,0
0.609144659228275,0.8794996504770989,0,0,0
0.9744978880485958,0.6946445890060867,0,0,0
0.14765752720069084,0.666152623383443,0,0,0
0.5555589933818197,0.9225451027417222,0,0,0
0.7905112388071897,0.41139147807681953,0,0,0
0.6625683852946085,0.26329886082228837,0,0,0
0.5974652915224852,0.45058803724611296,0,0,0
0.17606922703542272,0.9432623950413053,0,0,0
0.0036907713567679856,0.2507272120870404,0,0,0
0.6169426987641615,0.9055763097278619,0,0,0
0.6202664251984478,0.21937278673947502,0,0,0
0.22881579430797971,0.6306406136845486,0,0,0
0.1157051488593771,0.759818192372354,0,0,0
0.533751925078673,0.26044281581164275,0,0,0
0.4518208402742464,0.9820004170728165,0,0,0
0.130505205161203,0.674395463014661,0,0,0
0.5655131156214694,0.33282015042045,0,0,0
0.060960758916229096,0.9629419151251674,0,0,0
0.834359684796422,0.2682180976724988,0,0,0
0.11777074086737482,0.39485386091452623,0,0,0
0.37631891707079357,0.2177101498000592,0,0,0
0.0811484514953601,0.7416295528271266,0,0,0
0.991141844186553,0.13756990294736726,0,0,0
0.6631631453956748,0.8280242177147562,0,0,0
0.830015503932519,0.7204273608495836,0,0,0
0.055397853994973434,0.8743241257097111,0,0,0
0.8500873848749697,0.24976473814431577,0,0,0
0.30632306300637424,0.43477390914894165,0,0,0
0.9677018052895213,0.9733447752373121,0,0,0
0.9698179449037317,0.45852840297384156,0,0,0
0.7369565167564887,0.8595397978961923,0,0,0
0.9571259002673711,0.08329452248729197,0,0,0
0.04043029408544252,0.9131397757535623,0,0,0
0.21447811971649922,0.8498139194686906,0,0,0
0.8671275240275812,0.32474336593288355,0,0,0
0.9142863501446393,0.8155581861527694,0,0,0
0.5741837821763073,0.6646127943639499,0,0,0
0.20159456662038655,0.5325229430231859,0,0,0
0.5052996374789763,0.6888818366576988,0,0,0
0.52485948807921,0.67402527460935,0,0,0
0.03515033049841354,0.12731852787300768,0,0,0
0.5506865054713862,0.9500111973381111,0,0,0
0.8642627955241976,0.35914628899366663,0,0,0
0.9298737758225692,0.22956445843051088,0,0,0
0.2970193221499121,0.2847805430650183,0,0,0
0.01744175567304729,0.2809852125942518,0,0,0
0.9823697889478417,0.8110930161605434,0,0,0
0.6275928756954818,0.36372977921467675,0,0,0
0.9961114059582614,0.08163077792382911,0,0,0
0.16953882655099983,0.4360098344424267,0,0,0
0.9032479184577354,0.3004504729104307,0,0,0
0.8546485378308327,0.47517145819411577,0,0,0
0.10750362776847888,0.36444812509393865,0,0,0
0.7781762714230928,0.6631166082149662,0,0,0
0.9813276486716496,0.002982878847172965,0,0,0
0.8746106426602386,0.9839676237457821,0,0,0
0.10591654190161703,0.6178209369315273,0,0,0
0.1948829379293251,0.4733976289548094,0,0,0
0.4285964985452462,0.6121054068475918,0,0,0
0.10932720342308255,0.6087384038783958,0,0,0
0.5830452013201267,0.3374648653609863,0,0,0
0.15518167957434437,0.1173658187665707,0,0,0
0.1768444390910675,0.8068649603400133,0,0,0
0.7335940292530448,0.8662415190924284,0,0,0
0.24310510637937865,0.5593769289176229,0,0,0
0.6791416622623576,0.16246146121816718,0,0,0
0.11565882738327704,0.29909004177745957,0,0,0
0.20788508465326683,0.19150728421213892,0,0,0
0.2441631138895075,0.44765409577502313,0,0,0
0.08800523808866423,0.7991386062816704,0,0,0
0.3926340476210285,0.9843966046398444,0,0,0
0.27083329890199026,0.46132954855697805,0,0,0
0.6229484537434281,0.5115105235991392,0,0,0
0.6296048179996194,0.36845359333646266,0,0,0
0.6257036094266135,0.2238459712034161,0,0,0
0.883311440240077,0.1060226931961632,0,0,0
0.8861525343951462,0.08004715168961452,0,0,0
0.7391500791852547,0.11191896595284567,0,0,0
0.7394248710019865,0.5385320987098795,0,0,0
0.18488266874503845,0.49299792505663487,0,0,0
0.43116410075187883,0.697619895885519,0,0,0
0.42421851618430584,0.5478106575844405,0,0,0
0.5039260789811345,0.7265101434624354,0,0,0
0.2499920968094672,0.16966122722289456,0,0,0
0.7717570532576401,0.9795042705399772,0,0,0
0.1995233265027082,0.17401206085706933,0,0,0
0.23596556858611784,0.22693360591500145,0,0,0
0.22134845205284182,0.4868619823165059,0,0,0
0.8973173927824838,0.4338155853343537,0,0,0
0.4119031246102055,0.8956509956665152,0,0,0
0.005033501606343194,0.51518600427168,0,0,0
0.4298670532545812,0.6918210633483932,0,0,0
0.14291713001283146,0.6629384048015625,0,0,0
0.9037236103410056,0.4524519492452732,0,0,0
0.2667637389041121,0.9325792113750792,0,0,0
0.7933805401268121,0.2721210206595155,0,0,0
0.8531889597829339,0.1822736547969116,0,0,0
0.9036716550631961,0.9731875644568121,0,0,0
0.9443015355690166,0.6408738532201798,0,0,0
0.6505792229863561,0.2944587555798234,0,0,0
0.8325834124075785,0.6859795447378643,0,0,0
0.08043840333694918,0.07668051814155652,0,0,0
0.6014294520711863,0.5019020652318432,0,0,0
0.3050674053210185,0.7152502096085808,0,0,0
0.03768807459409307,0.21798325831555432,0,0,0
0.07126132470051505,0.3459580501413202,0,0,0
0.4523496336657358,0.3371399928568284,0,0,0
0.44643443061228394,0.6570218789633434,0,0,0
0.9801109478446052,0.29232787420303696,0,0,0
0.09816598594019743,0.8402103823812896,0,0,0
0.21791917674560812,0.8099829826740692,0,0,0
0.9924333186188488,0.40528202238002187,0,0,0
0.8897766478824377,0.9351609263428727,0,0,0
0.22413540280413236,0.15001784529587758,0,0,0
0.5098110058834154,0.7858337614061414,0,0,0
0.9903628586118428,0.20236716329636306,0,0,0
0.7650274054801389,0.8005413108360359,0,0,0
0.39278052339727654,0.42505507810088805,0,0,0
0.6614442538153159,0.4376867987112337,0,0,0
0.31643666608469834,0.009872747923687752,0,0,0
0.06083653786462784,0.14121402200814603,0,0,0
0.932811645001858,0.06840605310764769,0,0,0
0.702758995727184,0.15432063386062286,0,0,0
0.8232032256125277,0.29490397875574814,0,0,0
0.9611444633916794,0.5804762471852931,0,0,0
0.9086934711788465,0.04464020963406823,0,0,0
0.5616585759339794,0.8176253593254245,0,0,0
0.29248923628479906,0.5768219616885246,0,0,0
0.6026945602741155,0.33531929533570837,0,0,0
0.2118896286774633,0.1878719927528153,0,0,0
0.738206311893466,0.5707003860140067,0,0,0
0.6040342290784931,0.1615038847865078,0,0,0
0.05539478965120359,0.5647019455712028,0,0,0
0.8209444258407721,0.8749944361679128,0,0,0
0.04743921788371652,0.11569822197103652,0,0,0
0.7913205447758357,0.11483547203086486,0,0,0
0.2768816228484905,0.4106207409689493,0,0,0
0.9280521571330747,0.32717346033573436,0,0,0
0.29396995051654484,0.8882787496662305,0,0,0
0.5736892368453033,0.5743781724699113,0,0,0
0.09711828774317566,0.9737836709575207,0,0,0
0.4854909036427235,0.2599831783495047,0,0,0
0.4713503711625656,0.027416734632928375,0,0,0
0.3972834692094116,0.9876378808307821,0,0,0
0.7981123800805255,0.03585062825616947,0,0,0
0.13404797671231605,0.43974347466801866,0,0,0
0.19105031391125837,0.42934525385207567,0,0,0
0.7329403406770665,0.9175992836215474,0,0,0
0.04662694254919675,0.3944214311414782,0,0,0
0.33667020351321053,0.1314790401353888,0,0,0
0.08816052759941007,0.0036617173636470657,0,0,0
0.48441772411398076,0.4333598358687928,0,0,0
0.22905665848782253,0.5998086910157531,0,0,0
0.57176763000446,0.564980719184149,0,0,0
0.9877530729147351,0.06342937957276806,0,0,0
0.7699318445740898,0.6299907844472405,0,0,0
0.483618545069217,0.2581140359421742,0,0,0
0.0023454531154005753,0.45644775892466116,0,0,0
0.06490487749247364,0.04077505516997504,0,0,0
0.8540991074499876,0.04015949552025522,0,0,0
0.9828574058970626,0.343978542947065,0,0,0
0.24261847970998274,0.9719836387411499,0,0,0
0.24429002939728783,0.7441713832511931,0,0,0
0.6755224088257304,0.21993991077665997,0,0,0
0.8393470099682208,0.24391164091084494,0,0,0
0.7761773102164129,0.6644670353977761,0,0,0
0.2116691690109448,0.5213992536310265,0,0,0
0.2124955019601802,0.10204996000505606,0,0,0
0.33940691126388156,0.9024820767207447,0,0,0
0.8827479356421043,0.05467862542842572,0,0,0
0.638923118899127,0.17603849531181515,0,0,0
0.6321385766697571,0.4553347566037178,0,0,0
0.5311074147719778,0.21942412471999784,0,0,0
0.7879964210483884,0.373708464288545,0,0,0
0.37670580365581063,0.8784102274212625,0,0,0
0.8323320972980603,0.9950835382916786,0,0,0
0.14660643259473416,0.14445996000380368,0,0,0
0.1669325478002168,0.830419931150624,0,0,0
0.44826681580711236,0.026383335617851777,0,0,0
0.1599168632186163,0.7892872322679955,0,0,0
0.7881744316373753,0.7286878412320166,0,0,0
0.9266032520907388,0.6650611470062092,0,0,0
0.3470512952317677,0.8713052589022232,0,0,0
0.8277699321694905,0.20768764731651235,0,0,0
0.8066365075739469,0.948521256228823,0,0,0
0.07113146469626175,0.5653243184583004,0,0,0
0.9804699608973456,0.17944609490972752,0,0,0
0.4148900541494427,0.41699190133598063,0,0,0
0.10770145908779416,0.21871366931137526,0,0,0
0.6446195007645942,0.0896587301155688,0,0,0
0.3278680908692879,0.03638497069232105,0,0,0
0.36009858408216866,0.2986451058880746,0,0,0
0.8903819797352434,0.7084522581084352,0,0,0
0.6798558507485938,0.15862288352095455,0,0,0
0.2732456942857724,0.6658198569453811,0,0,0
0.8300241414241849,0.6229513497142525,0,0,0
0.08958263637490727,0.6373303068123576,0,0,0
0.7875915181941116,0.44660720022692424,0,0,0
0.1146538964875301,0.28822713252356924,0,0,0
0.8035348019786079,0.46998553957859535,0,0,0
0.7506279257726496,0.1279656401228335,0,0,0
0.7795288952311141,0.8320060998493497,0,0,0
0.9179301905062113,0.9145326588844523,0,0,0
0.23292406331870774,0.5665211768428018,0,0,0
0.19140946197100717,0.3778274229022692,0,0,0
0.7252773316685196,0.7662687642601116,0,0,0
0.9890087370611047,0.9606501172406757,0,0,0
0.42669695357773263,0.7569833357789462,0,0,0
0.3439372257247699,0.1426209062532341,0,0,0
0.7996791318015369,0.8355827450167418,0,0,0
0.3465058760360703,0.9709254439652099,0,0,0
0.632278821071174,0.5694029660982134,0,0,0
0.43667994239783947,0.5424140359280949,0,0,0
0.22027887218410447,0.5753284458245037,0,0,0
0.670401490485258,0.14304349574978603,0,0,0
0.7812421291842684,0.2954269493354552,0,0,0
0.3637687760920463,0.8687098371372929,0,0,0
0.6662580214673252,0.9054109693620137,0,0,0
0.07495077781522641,0.29037781160866527,0,0,0
0.046989073997249275,0.787243291215592,0,0,0
0.5612824162614589,0.9802021276172966,0,0,0
0.47660265655393586,0.5660058477370218,0,0,0
0.4161372586474139,0.2898518966743987,0,0,0
0.03790528728478837,0.6927474576388539,0,0,0
0.4719667304662074,0.8543745711147178,0,0,0
0.30652230895930044,0.6692992019264254,0,0,0
0.41953841199261444,0.6895923896756097,0,0,0
0.20866992861668876,0.22786258601266607,0,0,0
0.13275096377024365,0.6174445525709175,0,0,0
0.08441126626629802,0.435402596355168,0,0,0
0.009585140430061203,0.06908314601007726,0,0,0
0.9667406385491489,0.9329233337609947,0,0,0
0.21326579211624352,0.5316092013047268,0,0,0
0.7344231693042067,0.8865602296871231,0,0,0
0.04017673143849554,0.053507064449144215,0,0,0
0.22842444959918629,0.5255706499687,0,0,0
0.5074144400519489,0.14002139913940548,0,0,0
0.4636641967561155,0.60521754929817,0,0,0
0.44435852345346694,0.6701290205096433,0,0,0
0.33508084135836425,0.2301222169310323,0,0,0
0.6129903511807311,0.5631676646613676,0,0,0
0.5828221312111199,0.7930780213086447,0,0,0
0.500251343782454,0.006176027182727362,0,0,0
0.39825367541834933,0.6263302542707395,0,0,0
0.7201063473723499,0.7350235089035042,0,0,0
0.4506543720784021,0.9514902264204702,0,0,0
0.6966338214048637,0.6769966087493283,0,0,0
0.01921117649457449,0.6279263582565259,0,0,0
0.5588855812905869,0.3886625531075357,0,0,0
0.5826617116368952,0.47674529574465685,0,0,0
0.9331496207663678,0.4587519485459287,0,0,0
0.6165533124469476,0.37481221259364517,0,0,0
0.856526683531278,0.8854543020149719,0,0,0
0.4416260100100613,0.14339420854336749,0,0,0
0.8087290467885838,0.0651755993212978,0,0,0
0.407123504902124,0.6800612694084323,0,0,0
0.9651373593240724,0.9226359303677665,0,0,0
0.7561432825615712,0.3681942134025028,0,0,0
0.9828037184411552,0.006922828951727467,0,0,0
0.9162150930507786,0.9325122513541941,0,0,0
0.35843394555443675,0.4705097343847726,0,0,0
0.8818071681438143,0.7029889526552323,0,0,0
0.814706257133253,0.4639411971410974,0,0,0
0.7192413335334243,0.5829807108485986,0,0,0
0.49282776947314966,0.40936664296640446,0,0,0
0.9133325525731162,0.18864735292334356,0,0,0
0.4183234236241443,0.6216257185984604,0,0,0
0.9790445742153601,0.40582422664777484,0,0,0
0.6666785540529038,0.10225112590012043,0,0,0
0.730705022871388,0.3869112201906417,0,0,0
0.07865808879973235,0.9331717463761229,0,0,0
0.13718156419031452,0.8674855900389002,1,1,2
0.12445366614121015,0.8679907370458838,1,1,2
0.13243732948389025,0.8873837634510615,1,1,2
0.11980359261251033,0.8754812738721465,1,1,2
0.12428354298569026,0.8880430349508244,1,1,2
0.135665124177434,0.8859984312010385,1,1,2
0.1270666453982304,0.8580729900167261,1,1,2
0.1321024661516857,0.8402762676543171,1,1,2
0.11861033401474382,0.8876310466850286,1,1,2
0.09417109168969343,0.8823017276007875,1,1,2
0.12399616976938857,0.8585550013586103,1,1,2
0.1281540854949702,0.8842535691256161,1,1,2
0.12242306296909773,0.82306950244952,1,2,2
0.12419200826743286,0.8722877317994657,1,2,2
0.11703837906702311,0.8544410367543571,1,2,2
0.08910368630027089,0.8554446887927918,1,2,2
0.12079017202777503,0.8501898928101219,1,2,2
0.09421214444374358,0.8651903879069603,1,2,2
0.08798994101825616,0.8375378865576726,1,2,2
0.10979264638976984,0.8723784348415375,1,2,2
0.1051930682258659,0.8531381571885668,1,2,2
0.0923597425567969,0.849302321037538,1,2,2
0.06279907721028084,0.8490396992319948,1,3,2
0.08018904848132105,0.8391738087232755,1,3,2
0.08523315747967468,0.8558709987184717,1,3,2
0.06459364481119423,0.8235210203665747,1,3,2
0.0800339238138657,0.8767495683937893,1,3,2
0.0564831906015944,0.8445425928620471,1,3,2
0.047059705416435234,0.8705610937923698,1,3,2
0.08018472147873672,0.8875433566200865,1,3,2
0.08345726555215631,0.8483185416462232,1,3,2
0.10927295847715777,0.8899347526148513,1,3,2
0.10361533281821633,0.8675147432384546,1,3,2
0.07659578985020965,0.8504703991811898,1,3,2
0.09007426618326803,0.8328583794839394,1,3,2
0.0649034101044711,0.8741996535138291,1,3,2
0.07657264623746965,0.8555048784290281,1,3,2
0.11135785240083682,0.8544138961022383,1,4,2
0.10695670664044435,0.8420708790884186,1,4,2
0.08874983055912242,0.8465474575730505,1,4,2
0.1119017883795825,0.8246426633045609,1,4,2
0.08288368106169948,0.8362535582304659,1,4,2
0.1281377121666234,0.826905299726776,1,4,2
0.12458513676557019,0.8179381219990521,1,4,2
0.13414576357079352,0.8391435924909759,1,5,2
0.15225309726425396,0.8475182439839757,1,5,2
0.159513226591732,0.845666177533901,1,5,2
0.14748801793430552,0.830649492099031,1,5,2
0.11953772886426023,0.8438878732896523,1,5,2
0.16900862643710152,0.8486758992626903,1,5,2
0.15586236128271974,0.8141738873475562,1,5,2
0.12768956117755056,0.8501186244859519,1,5,2
0.12229358645130425,0.8569908380729985,1,5,2
0.15110587056597682,0.836578796161904,1,5,2
0.16477097610887903,0.8156051812011398,1,5,2
0.1522811199889392,0.8273793512732666,1,5,2
0.13630445398914592,0.7769447001350603,1,6,2
0.1493196853427941,0.7881576751786926,1,6,2
0.14989442261794303,0.8054005394983915,1,6,2
0.1394153982662355,0.7862106913674688,1,6,2
0.11769388668255513,0.8093920964735621,1,6,2
0.1306928689544101,0.7942062038774911,1,6,2
0.15676149386414712,0.8164418407008707,1,6,2
0.13691837781456695,0.7690699952628208,1,7,2
0.10888221407284189,0.7689707208616043,1,7,2
0.12193361116106907,0.7603429810171731,1,7,2
0.12027466721158699,0.7388756930385063,1,7,2
0.11062252078736325,0.7432871570650842,1,7,2
0.11456749013708306,0.7562277910190304,1,7,2
0.09996574167457048,0.7813430593273366,1,8,2
0.11626428068914432,0.819642033709858,1,8,2
0.11936762392960487,0.786640540267324,1,8,2
0.12285110144931861,0.7892215028829981,1,8,2
0.11191259005204252,0.8099014018291727,1,8,2
0.11326281731576693,0.8119560502516251,1,8,2
0.11011195608503953,0.796029485026696,1,8,2
0.08890920279656063,0.7865693030772651,1,8,2
0.6842390585573511,0.4003769525037603,2,1,2
0.6791372428131318,0.3898878783417122,2,1,2
0.6710608645686376,0.32990909474279406,2,1,2
0.6679674988667225,0.3935778067258185,2,1,2
0.6963959329178834,0.3480677483816414,2,1,2
0.6898013163973971,0.38794115288110537,2,1,2
0.6515535404907773,0.36393087689423037,2,1,2
0.668147320392563,0.3569711355979627,2,1,2
0.7292690428432054,0.37661177041153676,2,1,2
0.6701903986118598,0.36386537196417473,2,1,2
0.6635659161311241,0.3839761669370173,2,1,2
0.647198670841814,0.3784490960941696,2,2,2
0.6722653052524292,0.39515512741558223,2,2,2
0.6695606584331343,0.38360329731171117,2,2,2
0.6279393329746895,0.39326456896449097,2,2,2
0.6467315349200179,0.3984253824780229,2,2,2
0.6844278172384664,0.39646443496348116,2,2,2
0.6604139410866572,0.3994052574845019,2,2,2
0.6577515067818634,0.37976144765753705,2,2,2
0.6500914454329247,0.42222201548363825,2,2,2
0.6686331568966166,0.3859403943173964,2,2,2
0.6547138045419231,0.37213129132640854,2,2,2
0.6488887132081917,0.3935106051001501,2,3,2
0.6417384463114264,0.37811049623575915,2,4,2
0.6523014467309457,0.4067025930222087,2,4,2
0.6699787589247812,0.4194072295120046,2,5,2
0.6750609284750465,0.4499484025766942,2,6,2
0.6596832100925025,0.4584517711351659,2,6,2
0.6815451643211299,0.4595017984285828,2,6,2
0.6921513108352656,0.431240322269175,2,6,2
0.6707313648823411,0.43432838627150033,2,6,2
0.6874349823240746,0.4373935987306866,2,6,2
0.6766422356500847,0.44378135989743944,2,6,2
0.6417412701727396,0.4493612703383165,2,6,2
0.6733237285511707,0.4450540385956634,2,6,2
0.6640334344148863,0.4515617504651699,2,6,2
0.7002687249348144,0.44091566198840526,2,6,2
0.6590134367614937,0.4342142097804123,2,6,2
0.6771883285555006,0.4478584741686647,2,6,2
0.6635646999895789,0.45581850186338957,2,6,2
0.5981310506639701,0.4092721402461098,2,7,2
0.6089901518673819,0.41372182784708667,2,7,2
0.6120566605270302,0.41876450539685156,2,7,2
0.6227555391737017,0.45147099005279095,2,7,2
0.5939186566585959,0.43956323370780964,2,7,2
0.6200265105560006,0.44909200633347984,2,7,2
0.588382513720518,0.3802923292822817,2,8,2
0.6073533512949817,0.39182467692650874,2,8,2
0.5914279273902321,0.39996670647184823,2,8,2
0.5922179429809199,0.3903579342793168,2,8,2
0.5859371193838794,0.4176686208682628,2,8,2
0.6082974413752424,0.43920018125035054,2,9,2
0.6067267677372283,0.433874425696463,2,9,2
0.6506310580680366,0.43957211813729963,2,10,2
0.6290518291133184,0.44528060686717996,2,10,2
0.6171612612587504,0.4035768968583381,2,10,2
0.6560541652258601,0.4968584116260047,2,11,2
0.6774716327974579,0.477631096575581,2,11,2
0.6381099952768112,0.6755549122042976,3,1,2
0.6215470120680346,0.6685524221439483,3,1,2
0.6231059895686311,0.6747598518002295,3,1,2
0.6330876661579348,0.6628396961890485,3,1,2
0.6009491002627604,0.6646173823941847,3,1,2
0.6748318533880108,0.6827959917966544,3,1,2
0.6236761924637977,0.6926888248839864,3,1,2
0.6215983128829179,0.6722861074650069,3,1,2
0.6306953213599401,0.6580330216121787,3,1,2
0.6270771422336021,0.6860514822244668,3,1,2
0.6094418065700621,0.6783562289968624,3,1,2
0.6353989714012663,0.6804380917703887,3,1,2
0.6433786238746859,0.6858132611336923,3,1,2
0.6481856949021774,0.7190255041330236,3,1,2
0.6102070805489963,0.7185581161824683,3,1,2
0.6315621945628042,0.6469925100096585,3,1,2
0.6451995579755676,0.6947460384971114,3,1,2
0.6115460069807387,0.6734146469090673,3,1,2
0.6367360396880766,0.6821005462386189,3,1,2
0.6352971731798843,0.6813831077742513,3,1,2
0.6258258685339236,0.6683943168906109,3,1,2
0.6212711307834092,0.6650096951677803,3,1,2
0.6349017493705476,0.6756758086387566,3,1,2
0.6354682050561947,0.6960807404317597,3,1,2
0.6407997231976826,0.6895391893337854,3,1,2
0.6268421681756987,0.7087705481229598,3,1,2
0.640824663729838,0.6872214842251381,3,1,2
0.6408160197843455,0.6727929474964112,3,1,2
0.6450424578817742,0.689782675978886,3,1,2
0.6381007086127429,0.6676249154865457,3,1,2
0.6276029665613031,0.6805557209219267,3,1,2
0.6257744350953385,0.6682882102366031,3,1,2
0.6187402382674552,0.6695629988486453,3,1,2
0.6257101297830993,0.6423380888272469,3,2,2
0.6305555228410855,0.6564224894539683,3,2,2
0.5827856438305649,0.6710536790919392,3,3,2
0.5748445917592969,0.6422182485554336,3,3,2
0.6109611505328351,0.6548760601180942,3,3,2
0.6041803473455596,0.658847392404583,3,4,2
0.5581949124192384,0.6592669111231771,3,4,2
0.6022809837026916,0.6606043197741691,3,4,2
0.6316773898441378,0.7027950056124905,3,5,2
0.6070710265807442,0.6931940532807822,3,5,2
0.6714380891449565,0.7095780995611832,3,6,2
0.7027248208128061,0.6933812305810769,3,6,2
0.6849908587209071,0.7231802040754549,3,6,2
0.6789500919182067,0.7164247489862666,3,6,2
0.6589921710276452,0.69627136302867,3,6,2
0.6579509329660905,0.6851889104235565,3,6,2
0.6796962062412573,0.7451585143357138,3,7,2
0.6680476162818287,0.7108582807014003,3,8,2
0.6742635242544022,0.7532996357189568,3,8,2
0.6654553833066106,0.7475584312136427,3,8,2
0.6430040832328988,0.7184019767058496,3,8,2
0.6572842298865388,0.7275508647539974,3,8,2
0.6687891084097005,0.7176441428594508,3,8,2
0.6636497598673322,0.7209563892130783,3,8,2
0.6815207737507302,0.7377392297177419,3,8,2
0.6633778194053076,0.7104650841232367,3,8,2
0.6516312417740808,0.7109487278713152,3,8,2
0.6480180262538079,0.7309590526857345,3,8,2
0.6450205917497814,0.7206567213805749,3,8,2
0.6601208339737592,0.7216267102044018,3,8,2
0.6938477903156495,0.6898065042561268,3,8,2
0.6769929344401225,0.7719809631815867,3,9,2
0.6728066333211733,0.7740062135036371,3,9,2
0.6924359293376189,0.7407300354445353,3,10,2
0.6978298346737961,0.7388226747121543,3,10,2
0.692530748351053,0.7268929498777023,3,10,2
0.7221696655049282,0.7411853267822859,3,10,2
0.7192231986916121,0.7448151733645907,3,10,2
0.6920551004704492,0.7292190901081365,3,10,2
0.7205154843792295,0.7386691992280388,3,10,2
0.7409527433094159,0.7577414343667701,3,10,2
0.7028686765942281,0.7281165873149559,3,10,2
0.6815543648524929,0.7326714705856514,3,11,2
0.7398471219917232,0.716747381973293,3,11,2
0.7620660960378759,0.7391938269122658,3,12,2
0.7119211735512401,0.7781861385311618,3,13,2
0.15129949034344037,0.6094903777948502,4,1,2
0.15740557810921713,0.5924498271833912,4,1,2
0.12348807683459523,0.6088419255289291,4,1,2
0.13565799855336683,0.599884070318284,4,1,2
0.1655064806069073,0.5874390174290908,4,2,2
0.1956412353306083,0.5657664064450809,4,2,2
0.17518546608480376,0.5680251749992287,4,2,2
0.1848630585600545,0.555893251646109,4,2,2
0.14452675409189747,0.551322063682725,4,3,2
0.1601403768107406,0.5261279615396276,4,3,2
0.14530175766411343,0.5448717785043485,4,3,2
0.14959904435239565,0.5549042026337165,4,3,2
0.11000924256944206,0.5616228489353904,4,3,2
0.16007674411592407,0.541034887039321,4,3,2
0.15773102527613966,0.536428231078404,4,3,2
0.13783525997474408,0.548563821824851,4,3,2
0.13157163168370448,0.5510837082908272,4,3,2
0.15437675065734272,0.5626794913445505,4,3,2
0.14384366925645048,0.5504617446683111,4,3,2
0.1553600516161462,0.5331560353143295,4,3,2
0.13717577778398773,0.5531113630644126,4,3,2
0.14772253241118935,0.537175460103443,4,3,2
0.11286413718177005,0.5465133500704137,4,3,2
0.1334667600149492,0.5166081177873332,4,3,2
0.13432729192002033,0.5530171383909843,4,3,2
0.14349182245057318,0.5377227264663975,4,3,2
0.16060489255876154,0.5442609267445634,4,3,2
0.14039995779821365,0.5520177718012457,4,3,2
0.1595711670725257,0.5490278956295526,4,3,2
0.14488116948736934,0.5402605216303966,4,3,2
0.11873007978908023,0.5568979778144493,4,3,2
0.12913642103435652,0.5198555277965354,4,4,2
0.11296138548637627,0.512679363823822,4,4,2
0.132298957894939,0.5175578860787661,4,4,2
0.12007738913470566,0.5227510922985036,4,4,2
0.09242436487303539,0.5557526689243769,4,5,2
0.0595484562566014,0.533520844124941,4,6,2
0.07786273129120146,0.4689746234687212,4,7,2
0.08248193783557572,0.4854696038864367,4,7,2
0.07751373349896937,0.46593873886128356,4,7,2
0.060858189231756836,0.4835412320479491,4,7,2
0.10965032484044747,0.49893647692639775,4,7,2
0.082938517477028,0.46579068404767987,4,7,2
0.07797913955339064,0.4935867235853604,4,7,2
0.08763847872116359,0.4559150561050013,4,7,2
0.03428666665130681,0.45513247196212386,4,8,2
0.04547291266653002,0.43412788725089363,4,9,2
0.024004328181397177,0.4908407317668927,4,10,2
0.011971921635798398,0.45933313039025075,4,10,2
0.018568782246247816,0.4661112291789252,4,10,2
0.038257138215206335,0.4363215354971188,4,10,2
0.6861378692438399,0.11266755710964121,5,1,2
0.6501896761092435,0.1134645907088636,5,1,2
0.6896426549370109,0.11693276047998492,5,2,2
0.6933442182397093,0.12551243698838846,5,2,2
0.7063616162305945,0.08994994698425345,5,2,2
0.6740520340453412,0.11579404730616051,5,2,2
0.7530004185325949,0.11530956331914086,5,3,2
0.7622553179482171,0.109143377450915,5,3,2
0.7328162357147358,0.1256288061148433,5,3,2
0.7238434708256422,0.11948051841634522,5,3,2
0.75526444982632,0.11304697336692612,5,3,2
0.7449343439760918,0.1079680002470667,5,3,2
0.7439152109931139,0.08712178082431751,5,3,2
0.7085912667857852,0.09004292414560634,5,4,2
0.7404337018188875,0.035731165511475205,5,5,2
0.7794358036314711,0.04767088736014201,5,6,2
0.7687929831170526,0.020871932244551725,5,7,2
0.7048153977347302,0.01065543000177717,5,8,2
0.7443712059476723,0.026333143613709715,5,8,2
0.7178898498723947,0.020517142580829813,5,8,2
0.7563423296455432,0.029175380590886247,5,8,2
0.7464471301312899,0.015259191138899866,5,8,2
0.7015216796365348,0.029540650542912827,5,8,2
0.7261944581553645,0.014991177561301037,5,8,2
0.7379168698375195,0.0183917000684624,5,8,2
0.7138737475856721,0.013417298896154015,5,8,2
0.6997595883168081,0.05202812491913865,5,8,2
0.7335308278289832,0.020080462228627426,5,8,2
0.7330442163259854,0.03954339418906076,5,8,2
0.7418402312732205,0.030268908546174218,5,8,2
0.7213346307014162,0.03090103889889422,5,8,2
0.6982520522119186,0.006259124143501513,5,8,2
0.7376871054333111,0.02122766791850241,5,8,2
0.6890573654156751,0.005293834163887837,5,8,2
0.7257860726574429,0.016415587573711202,5,8,2
0.7444977560603209,0.025700817395454035,5,8,2
0.7408133701705022,0.031931299466529964,5,8,2
0.7116355271355221,0.047473686648370435,5,8,2
0.728936047729018,0.01118492954122057,5,8,2
0.7392133547336768,0.024881117701591418,5,8,2
0.712646096663163,0.011914817773040723,5,8,2
0.6672562070011802,0.014233375053351859,5,9,2
0.43630803027164966,0.6436148853219733,6,1,2
0.41957970479123635,0.6633067852809941,6,1,2
0.450059750431824,0.6278275805418623,6,2,2
0.41919725080640696,0.6140227895271513,6,2,2
0.4211484118807091,0.5967055126399856,6,2,2
0.45452849619582364,0.5831362575237936,6,3,2
0.44670195892967574,0.6392038141417844,6,3,2
0.4626713812882164,0.6211726368542634,6,3,2
0.4507151985414531,0.6004352374060553,6,3,2
0.46265938094787523,0.5285862694499024,6,4,2
0.46313711057484064,0.516472695719389,6,4,2
0.4604519252690304,0.5492507975837836,6,4,2
0.43512438901637823,0.5547217286532324,6,4,2
0.4225053549571281,0.5377556275710761,6,4,2
0.45290297860884965,0.532000667002128,6,4,2
0.4885922051031761,0.5672300831842346,6,4,2
0.4550822623443055,0.5620494091358665,6,4,2
0.474974852192625,0.47525125011568226,6,5,2
0.49003499801779277,0.5222596099509076,6,5,2
0.49312397203227376,0.5112182968241881,6,5,2
0.5038989633570202,0.5226970412320618,6,5,2
0.5004031242751172,0.5065383103253462,6,5,2
0.46697335830567005,0.4748952662815856,6,5,2
0.48316310342484714,0.4882978160974418,6,5,2
0.4997504245596753,0.5080086362466196,6,5,2
0.49911063891237545,0.5099507059715095,6,5,2
0.46497076408357796,0.48462954203583614,6,5,2
0.5544522744025793,0.49777300166307187,6,6,2
0.5274999182229717,0.508381999916803,6,6,2
0.5632587311336568,0.5212080503575522,6,6,2
0.5271426221830025,0.5204966934635601,6,6,2
0.5582407845880906,0.529369012130154,6,6,2
0.5324777491078957,0.5292777258133123,6,6,2
0.5683603728008771,0.4878442455956395,6,7,2
0.5755668148726742,0.4594998461344931,6,7,2
0.5565621584301579,0.46728068076560597,6,7,2
0.5287741456289632,0.48110444193975566,6,8,2
0.5839994812153848,0.4176148065872133,6,8,2
0.5228525934387118,0.5003081237814954,6,9,2
0.5168713729463794,0.5265748132470611,6,9,2
0.5230396596023137,0.5457057482872616,6,10,2
0.5059164343131679,0.5212752461500014,6,10,2
0.550075359559394,0.5439670161744493,6,11,2
0.5445177639948514,0.5396473756617989,6,11,2
0.5251351833578743,0.5523718462850365,6,11,2
0.5358110072265172,0.5794380855602709,6,11,2
0.5396561145379687,0.5353869782044269,6,11,2
0.5525417669606735,0.5574233912365844,6,11,2
0.5724207990230036,0.5453037094634426,6,11,2
0.5440719812521964,0.5704277217594743,6,11,2
0.5217875621505977,0.5493470818111168,6,11,2
0.5499346572904258,0.569509866767743,6,11,2
0.5522612381017784,0.5422313826795576,6,11,2
0.5402142679266511,0.5307742473651742,6,11,2
0.5213003813655664,0.5411046016419297,6,11,2
0.5448219825285642,0.5442469729586656,6,11,2
0.549187198713517,0.5523529397320598,6,11,2
0.5477544759819742,0.5347255498077127,6,11,2
0.5525923951947112,0.569207095665141,6,11,2
0.5203326872431429,0.560511192819034,6,11,2
0.5319128857008233,0.5707110501769345,6,11,2
0.5392930217064832,0.5595314539878589,6,11,2
0.5369651676615073,0.5212716942675125,6,11,2
0.5490347181367196,0.5451042574714445,6,11,2
0.6023125185425551,0.5592643680375299,6,12,2
0.6124489956163444,0.5756425540660444,6,12,2
0.5839266878801856,0.5974660785235236,6,13,2
0.6229545627779784,0.5878571590692551,6,13,2
0.5953914652599555,0.5985553875345611,6,13,2
0.6056445428100665,0.6070743950440617,6,13,2
0.604446249419738,0.6190194690233113,6,13,2
0.5839403004669698,0.581982561858547,6,13,2
0.613504259715194,0.590332292059175,6,13,2
0.6112442326602033,0.6124122284275163,6,13,2
0.5963025592075374,0.5868362316611275,6,13,2
0.6047987089117529,0.5996588124728869,6,13,2
0.5859686502707576,0.6053363508698432,6,13,2
0.6232634799055476,0.5834918884067,6,13,2
0.587921152646521,0.6403666082903126,6,13,2
0.6058521522549207,0.6168959939705084,6,13,2
0.6001839422211195,0.6206745192864197,6,13,2
0.5898901254950204,0.594560088301762,6,13,2
0.5943631382533604,0.5933406811338,6,13,2
0.6012759873509047,0.570681074444962,6,13,2
0.5773757218471854,0.6013083268957483,6,13,2
0.5804650212164734,0.6180667808623771,6,13,2
0.6139745717764024,0.6257996204552411,6,13,2
0.6031391026749381,0.6047501469301878,6,13,2
0.6008996540600013,0.6215307097382032,6,13,2
0.6054691011955257,0.5928915451164444,6,13,2
0.5792077811823165,0.5850550500710188,6,14,2
0.5596947271476896,0.6045780529414087,6,14,2
0.14725575147318237,0.7059653223270532,0,0,1
0.2421286808707347,0.9351234898050661,0,0,1
0.24184869721652347,0.5847260951201215,0,0,1
0.1414031552007493,0.35393145110845325,0,0,1
0.19627421595317107,0.39567109893634544,0,0,1
0.052880512580791406,0.003093739471352386,0,0,1
0.4538654354852589,0.48591877572831466,0,0,1
0.4534040905755823,0.8035001446774274,0,0,1
0.35117923891810765,0.42622383314811185,0,0,1
0.837904252758755,0.9841825244022199,0,0,1
0.024502276188449135,0.43368042533363294,0,0,1
0.7947642287181306,0.3289701170781124,0,0,1
0.5526130866200264,0.8718351108008823,0,0,1
0.7644494866404259,0.038653097360430655,0,0,1
0.026333645174143716,0.37585831122922464,0,0,1
0.5722474043844342,0.635454742995934,0,0,1
0.6280686000536105,0.6534420007041222,0,0,1
0.9222225608626514,0.3520133800403983,0,0,1
0.9282364627324836,0.3476317971944691,0,0,1
0.273622227887076,0.9802289141787894,0,0,1
0.974462681259207,0.769835642177312,0,0,1
0.691441635838327,0.8654849997339362,0,0,1
0.5992269202722555,0.28669886369671194,0,0,1
0.02667543229658864,0.8793478124964706,0,0,1
0.06660865632692403,0.8945153544339787,0,0,1
0.77164765147256,0.9608071243927438,0,0,1
0.7704984590665038,0.6252180175049267,0,0,1
0.1297433917882126,0.28726097992083244,0,0,1
0.055187685139637455,0.37903330714689465,0,0,1
0.7340380742155831,0.15976827800160076,0,0,1
0.039872754448173064,0.27370384477094656,0,0,1
0.9333231398865445,0.2710488843173203,0,0,1
0.3524557584815471,0.39841225218055176,0,0,1
0.42035265833215985,0.899353573863979,0,0,1
0.299578996095919,0.2310795279911141,0,0,1
0.23749032277166993,0.2955906639992226,0,0,1
0.2894962478263442,0.7064490754899562,0,0,1
0.974811614625631,0.8037655336161368,0,0,1
0.29349914810342803,0.20960962763729152,0,0,1
0.7663721269856949,0.0779898255723266,0,0,1
0.026088448350766177,0.8960072908279415,0,0,1
0.3189066774806377,0.4290945737984958,0,0,1
0.8555299223028965,0.025576062593683058,0,0,1
0.36466900143025616,0.4775139983717863,0,0,1
0.5959289358118565,0.1406326885476864,0,0,1
0.777291025215031,0.34246496536895243,0,0,1
0.2079061426463975,0.5449780801693298,0,0,1
0.4726949697145497,0.408483369416449,0,0,1
0.9703763716870201,0.12889193420122913,0,0,1
0.1589295493132421,0.6765011467097887,0,0,1
0.8212238040834617,0.2572981566499821,0,0,1
0.4086641986073417,0.08571075386859628,0,0,1
0.809107059695871,0.9770989208880367,0,0,1
0.8325756864345684,0.6343162696602708,0,0,1
0.2586356917753274,0.993427666422354,0,0,1
0.6355752002901855,0.8844069268910106,0,0,1
0.9132588450662864,0.6555196271634108,0,0,1
0.1705765476068365,0.9154386401681205,0,0,1
0.2018530000478903,0.6589309309560779,0,0,1
0.14649939604017878,0.3074211317700646,0,0,1
0.8587543578161688,0.5669498906416284,0,0,1
0.19658567161834384,0.6172431223006393,0,0,1
0.7645109106094967,0.05386680402588129,0,0,1
0.7880133450291492,0.9439283018234437,0,0,1
0.45455560462204225,0.2554070061496123,0,0,1
0.2194185209256998,0.8185420273722696,0,0,1
0.5806979270841913,0.2938557409223178,0,0,1
0.8047077478657043,0.09072414890070502,0,0,1
0.5747453309512723,0.8543891629314206,0,0,1
0.8369787372486597,0.11876312517362664,0,0,1
0.362506538339166,0.6535665350498384,0,0,1
0.33313677737542446,0.43777681873984464,0,0,1
0.06996021224958127,0.6459440425791166,0,0,1
0.8998984335508721,0.6964331645610052,0,0,1
0.09069092176231663,0.6751128446373951,0,0,1
0.4204516673799248,0.041831465674147306,0,0,1
0.6532227820513898,0.9797890786276772,0,0,1
0.5169206451287789,0.5093763108604428,0,0,1
0.06141428111323832,0.22228618440477999,0,0,1
0.9504579385410833,0.6667079334267082,0,0,1
0.3122890450624223,0.021215650132552444,0,0,1
0.06321638405819152,0.5695363494718374,0,0,1
0.8941573078586997,0.10044883508647295,0,0,1
0.14131927315790072,0.3209511843161985,0,0,1
0.9832731383918155,0.6624371962074103,0,0,1
0.8211926327079729,0.9864231456717849,0,0,1
0.395252606496964,0.4008246832547733,0,0,1
0.6388661601318704,0.5166106947506347,0,0,1
0.5999964429650093,0.36765008796510146,0,0,1
0.23264851375620366,0.5186539035315908,0,0,1
0.04974117729361516,0.8170867775945629,0,0,1
0.6723038212990688,0.2623572226751568,0,0,1
0.2370213371306834,0.6765362258581901,0,0,1
0.3259474384040646,0.5558440169424664,0,0,1
0.04528141694247489,0.14417295079136683,0,0,1
0.1390308288621347,0.8584234362967135,0,0,1
0.9681235533411254,0.6566382172355104,0,0,1
0.3184407314181845,0.6232036346107273,0,0,1
0.23256150824027788,0.2760652507394521,0,0,1
0.4484160950170344,0.3482585081336411,0,0,1
0.29657733165435096,0.16726408391890313,0,0,1
0.26785068003135837,0.30268182517980413,0,0,1
0.26472782889629387,0.3986781978839491,0,0,1
0.9502376704675696,0.6420231977794102,0,0,1
0.8184167759545306,0.8433229118997243,0,0,1
0.24711118271372523,0.9949927918805949,0,0,1
0.8065983563511044,0.7234977086547876,0,0,1
0.9845457356919641,0.2619306459521954,0,0,1
0.16156620648252049,0.8330702967152629,0,0,1
0.46564195850285706,0.7455096541313483,0,0,1
0.22061831810932253,0.9809425274529274,0,0,1
0.5210327383458376,0.789864367924172,0,0,1
0.0484108235409314,0.6776745590892956,0,0,1
0.14608592544064203,0.4549358660118097,0,0,1
0.9316775339737609,0.6939388263849579,0,0,1
0.09830898571937474,0.11035818061218317,0,0,1
0.7690283791254787,0.07088243238044789,0,0,1
0.013341143768531459,0.2444217879993651,0,0,1
0.9074157417185023,0.32889953692915463,0,0,1
0.9614909157410668,0.9383922340650908,0,0,1
0.873307483031586,0.5021873847115342,0,0,1
0.6110639122024455,0.8534508086533081,0,0,1
0.9230972557508595,0.031563904627428196,0,0,1
0.6368792681740678,0.3979778373487288,0,0,1
0.6407132416204651,0.32271147930787225,0,0,1
0.6480296779883742,0.25563304757595096,0,0,1
0.08867641700396445,0.9431497056549333,0,0,1
0.7924161651923415,0.3618588385931105,0,0,1
0.4651697089934971,0.35321580594989455,0,0,1
0.6781592934335282,0.3813778914273549,0,0,1
0.31214385616883056,0.6640186464864698,0,0,1
0.04406437794781515,0.8751142060206729,0,0,1
0.4778467697883477,0.21931134637538408,0,0,1
0.06470465106947432,0.9240534742839559,0,0,1
0.44714371210913084,0.7882600698088204,0,0,1
0.3320479986698148,0.6103819438509122,0,0,1
0.518619662138173,0.7572957716575648,0,0,1
0.28745321231198384,0.7583595820091353,0,0,1
0.8807359026031525,0.9715688679902508,0,0,1
0.9540095108849815,0.4040228811683537,0,0,1
0.2581284999039708,0.573786824338102,0,0,1
0.475636653911659,0.40994209625120115,0,0,1
0.2387532271490883,0.7634992532394252,0,0,1
0.9302022867338264,0.7300806363844445,0,0,1
0.7778284516366758,0.46751142749619246,0,0,1
0.8669863901992809,0.4132600217866189,0,0,1
0.23996466891174628,0.288953525339825,0,0,1
0.7599841276479777,0.2520539390415184,0,0,1
0.005136831773390083,0.6690339787354177,0,0,1
0.33525141036269224,0.9938037266392861,0,0,1
0.48504436496044756,0.3845920439818953,0,0,1
0.5405235630902447,0.6271252051575414,0,0,1
0.8430894800679536,0.60757723486384,0,0,1
0.2712680730425897,0.9874248556500451,0,0,1
0.7477874191834245,0.5858238531956149,0,0,1
0.7150768348500911,0.8307702539567682,0,0,1
0.19914786304481558,0.8397718275259318,0,0,1
0.6756550841080584,0.16670862922625407,0,0,1
0.5211958539657592,0.861576603607172,0,0,1
0.10846523762874405,0.16059036820668626,0,0,1
0.6312889740618064,0.7511784304590646,0,0,1
0.1966250512026263,0.3391889526882642,0,0,1
0.40081025890309807,0.8286627478279777,0,0,1
0.8713608563034297,0.6023471088107096,0,0,1
0.018223842965495507,0.9489745438160411,0,0,1
0.8854431484767961,0.2327972574043652,0,0,1
0.6426065173165892,0.7484316673520466,0,0,1
0.18952515926356994,0.5167465904328686,0,0,1
0.2947129854303542,0.8936866214174967,0,0,1
0.47360065255733863,0.1612095894814678,0,0,1
0.1846551136811232,0.2531449400165793,0,0,1
0.7351352896320226,0.5067995710107573,0,0,1
0.007996324260758358,0.9845526399571416,0,0,1
0.4618739241656845,0.42747598337108705,0,0,1
0.09188193331679684,0.5034026160995615,0,0,1
0.4477891582977025,0.303975364961549,0,0,1
0.1438746866156403,0.1353539891122576,0,0,1
0.2550578207486498,0.5037733505792479,0,0,1
0.12654257021911153,0.877348518479471,0,0,1
0.6633615839225375,0.9590380960126308,0,0,1
0.1970905446838177,0.990646699572237,0,0,1
0.6545598668484619,0.5920918741229384,0,0,1
0.6704051962080542,0.7593167534345143,0,0,1
0.9263450449927993,0.8920436827598321,0,0,1
0.30345591349766887,0.17604624759850962,0,0,1
0.7779095640175924,0.6356285362008698,0,0,1
0.9587342143204176,0.48027498276671876,0,0,1
0.8127524210548711,0.7876225448714691,0,0,1
0.5834140893343642,0.06883623475705558,0,0,1
0.7151315143951051,0.6301669734218623,0,0,1
0.4030975610782783,0.15233958616653598,0,0,1
0.690065629250458,0.8657473090975596,0,0,1
0.6597650202365564,0.20445390012985432,0,0,1
0.11173232892645213,0.8427766937594566,0,0,1
0.352272035071273,0.544099657787254,0,0,1
0.5208206117383917,0.14033035000739824,0,0,1
0.43310959520150194,0.31673878586780907,0,0,1
0.1484262821406126,0.18419251174597595,0,0,1
0.7487998069000493,0.9454202568589212,0,0,1
0.8204584954106737,0.717470022181047,0,0,1
0.35986183455642173,0.6563980758418931,0,0,1
0.5730611114286498,0.6005648649334051,0,0,1
0.6646743032386363,0.9224197566693079,0,0,1
0.9059377450626699,0.5071214780978502,0,0,1
0.949678655795497,0.40979599767592745,0,0,1
0.3149187066798652,0.4493709854962633,0,0,1
0.8990956710169975,0.3501045035987205,0,0,1
0.27905795793638033,0.8259607372207219,0,0,1
0.844016235490284,0.24337982507106484,0,0,1
0.40604211868572815,0.5191149839109858,0,0,1
0.34255937362364686,0.30365771249849993,0,0,1
0.9962853531595187,0.9586938351225402,0,0,1
0.8345984024906328,0.42402949427256553,0,0,1
0.1274835213847777,0.7222190373425644,0,0,1
0.03503725374847977,0.9842357830810623,0,0,1
0.864214762485339,0.6135395284963606,0,0,1
0.9427644445898391,0.49924966436930784,0,0,1
0.9861939632253065,0.548326397667811,0,0,1
0.7206242960711576,0.6544787879415629,0,0,1
0.336852667130894,0.4058210424823011,0,0,1
0.78609563488073,0.560709879148831,0,0,1
0.7794588913184182,0.06709357476592748,0,0,1
0.24820798327459936,0.23824381908585912,0,0,1
0.9608231610599491,0.7902761454454169,0,0,1
0.31546508183310296,0.8448417775651241,0,0,1
0.35757266206829685,0.4714821996486852,0,0,1
0.47793168434639816,0.15845866567594347,0,0,1
0.884742341537393,0.5571433937908796,0,0,1
0.8569243975244474,0.994928224935338,0,0,1
0.8535530863068422,0.9999213172234851,0,0,1
0.4502850879664094,0.26049317598708477,0,0,1
0.858664190210676,0.5156505006983418,0,0,1
0.8642850350444694,0.08745632004312409,0,0,1
0.194711797133579,0.5775266716879465,0,0,1
0.12167106079075085,0.819327888527066,0,0,1
0.7109812729970748,0.35426907014019293,0,0,1
0.11649974358778126,0.7943785917441525,0,0,1
0.052459438488395516,0.02869910384926211,0,0,1
0.1606894142286469,0.8798979949187974,0,0,1
0.963978333521938,0.7838568216036846,0,0,1
0.38964911058238094,0.9731148783869572,0,0,1
0.21767441038739865,0.8305699453410323,0,0,1
0.34618824764972067,0.03229422714599828,0,0,1
0.3279741435532181,0.2232921500173668,0,0,1
0.02812109973307542,0.6314609035626765,0,0,1
0.7580957095597501,0.11477276714803031,0,0,1
0.1148435463320836,0.21710587414983762,0,0,1
0.6767948143117282,0.35497053214657215,0,0,1
0.13759185724169576,0.8584940969748464,0,0,1
0.6672083989438955,0.6569071337324179,0,0,1
0.8341110711696458,0.302868823097292,0,0,1
0.6461892631985655,0.1846925503424628,0,0,1
0.5392851234617494,0.8530027421387555,0,0,1
0.5362485554949052,0.03321655081183672,0,0,1
0.5841769447615203,0.014683918446681045,0,0,1
0.46192467170708806,0.19219309930192263,0,0,1
0.679982777632229,0.23482034098193294,0,0,1
0.10602075050922566,0.3286387085117629,0,0,1
0.09176487623310303,0.24152291811950344,0,0,1
0.26993769001413237,0.31393088589879437,0,0,1
0.5540288024201337,0.9654958268734603,0,0,1
0.2613211471198116,0.26479444982779576,0,0,1
0.14877681034840107,0.2390549893673548,0,0,1
0.18189401463918575,0.7327728256435576,0,0,1
0.8928894402804766,0.5836604852262972,0,0,1
0.102370769053162,0.7432877390260918,0,0,1
0.9253722933478756,0.006169694254172242,0,0,1
0.131325377782744,0.9817869673398076,0,0,1
0.30775799518952707,0.34223696027483175,0,0,1
0.8163825515223075,0.7995434713908605,0,0,1
0.784332778011408,0.966990087140871,0,0,1
0.35312136805450245,0.6350090309225176,0,0,1
0.7853099156709744,0.30276172974295135,0,0,1
0.19046762153401342,0.8064128827293476,0,0,1
0.29163422643830583,0.4847850796704234,0,0,1
0.03042018725769846,0.005364922642220216,0,0,1
0.18056619739589175,0.5986621198514752,0,0,1
0.1511862824806599,0.14865984988134462,0,0,1
0.728607949845869,0.39076891448615203,0,0,1
0.5891270271383579,0.8718439979645842,0,0,1
0.10281723009313604,0.10243388335401737,0,0,1
0.9340315812693278,0.00142100131772116,0,0,1
0.4037385866282762,0.19105251212533092,0,0,1
0.3226887941148101,0.7623706805731632,0,0,1
0.28957451295029546,0.84208278619281,0,0,1
0.5007460653757873,0.6615474968520592,0,0,1
0.31360861492574266,0.4124340404046619,0,0,1
0.03145133589576676,0.3020252555736142,0,0,1
0.4182317084708508,0.4676101582778385,0,0,1
0.6772375961127726,0.8811640040921188,0,0,1
0.05788403242730311,0.7171423008433248,0,0,1
0.3141586913418022,0.9530820185872632,0,0,1
0.623446708309346,0.1488233347783211,0,0,1
0.18829756254586516,0.6402727888769029,0,0,1
0.5008664158097428,0.8076091664760118,0,0,1
0.6380331787442138,0.10072780215382848,0,0,1
0.8282590372840936,0.5052021402322412,0,0,1
0.6518041871848336,0.06931040573559666,0,0,1
0.004898555735171062,0.2260839308708521,0,0,1
0.7924905825442267,0.8209890580127465,0,0,1
0.07008055475301334,0.49640072180106143,0,0,1
0.4270745331577849,0.4231327423615955,0,0,1
0.8227880465062124,0.2389985916159698,0,0,1
0.4104194657821211,0.8464603186288712,0,0,1
0.012896958253559078,0.5006050383837528,0,0,1
0.5624293914913033,0.1153418988661159,0,0,1
0.2017686937230273,0.8458362344473987,0,0,1
0.3810579691931675,0.23378830148698315,0,0,1
0.8554054933139196,0.7339801536600947,0,0,1
0.8255759905165605,0.6525445278082492,0,0,1
0.05584829388211787,0.06035530936110167,0,0,1
0.2834712131284336,0.6555772577843116,0,0,1
0.8138203170454931,0.13701620426100858,0,0,1
0.9205796015395734,0.03779312597256834,0,0,1
0.8874822359952002,0.03643236588322496,0,0,1
0.3772094366820588,0.29036446647654,1,1,3
0.4141815705684582,0.27688602526146766,1,1,3
0.37489508704311525,0.2623014291199926,1,2,3
0.37279452528228385,0.2979087671357378,1,3,3
0.38689246145767314,0.27339534424752465,1,3,3
0.42116600923575254,0.31715684527443294,1,4,3
0.43881652125472453,0.2535187295824794,1,5,3
0.47582137992617235,0.3196975371022592,1,6,3
0.48717154582578603,0.31340391942328233,1,6,3
0.47717403194538566,0.3677068905594702,1,7,3
0.5176592961017943,0.3771010310298554,1,8,3
0.5030508668034785,0.3696243475730249,1,8,3
0.5154773920703397,0.35669092929911445,1,8,3
0.517679559890883,0.3534627282598113,1,8,3
0.5181761761743283,0.3774127045058328,1,8,3
0.5007499620783107,0.38166932009764404,1,8,3
0.5128826643559435,0.38207109731321365,1,8,3
0.5202695091120265,0.3782252463944843,1,8,3
0.5497568102414591,0.36403369166029875,1,8,3
0.5169792244244025,0.37138006205473645,1,8,3
0.5432185576995023,0.36002006233315526,1,9,3
0.5408849668496356,0.3560354801364797,1,9,3
0.516689306553166,0.33924063363325757,1,9,3
0.9122338055060127,0.7222185999447334,2,1,3
0.8905501411451036,0.7599088128795469,2,1,3
0.8871451546452405,0.748130400778752,2,1,3
0.8853221654321158,0.7430685529995888,2,1,3
0.9176928746559846,0.7243557638955395,2,2,3
0.8935693443528098,0.730153267914136,2,2,3
0.8909172558905517,0.7168066025806741,2,2,3
0.9134304831967469,0.7199346452456766,2,2,3
0.9069468968408962,0.7322344529148248,2,2,3
0.9210668537569103,0.7164498173433795,2,2,3
0.8848853514733542,0.7282822943415522,2,2,3
0.9008636703857799,0.7280865070207805,2,2,3
0.928542030106495,0.7241133459766889,2,2,3
0.8963982339560346,0.7256628559399604,2,2,3
0.8967653589158201,0.7332872681097398,2,2,3
0.9002879325843942,0.7119452502963677,2,2,3
0.9347409091846288,0.7158711039840084,2,2,3
0.9096917217604273,0.7139695632491783,2,2,3
0.9044571061047142,0.6921797941983912,2,3,3
0.9035604439207969,0.6783723432447962,2,3,3
0.9366163124622244,0.6793479799051582,2,4,3
0.9368094742862672,0.706474477076347,2,5,3
0.9516392541401439,0.665792710618503,2,5,3
0.9542308121984088,0.7033684812895016,2,5,3
0.9415290457441704,0.6696974217476241,2,5,3
0.9478849454532173,0.6932722328962523,2,5,3
0.9412816522540397,0.7436508681237576,2,6,3
0.9107228434309114,0.7269529779808327,2,6,3
0.948276929107996,0.7354148574269094,2,6,3
0.9455580180939936,0.7180566194528684,2,6,3
0.9630926643061096,0.7117147281106543,2,7,3
0.9524104720626841,0.7348505373840587,2,7,3
0.9686986500106047,0.7153340017630854,2,7,3
0.9783282066767245,0.7075687259266783,2,7,3
0.9656565102515077,0.7212748222509626,2,7,3
0.9753742821592126,0.7259027158964116,2,7,3
0.9688853479215417,0.7049560184074666,2,7,3
0.9797323096123741,0.7375668142407991,2,7,3
0.9714013621300915,0.7316948287933125,2,7,3
0.9744611095129588,0.720232786299354,2,7,3
0.9715841323708352,0.7113540218503037,2,7,3
0.9737226077996063,0.7159842229966129,2,7,3
0.9820399722497233,0.7366987193434659,2,7,3
0.9897522270992609,0.7475667624935391,2,7,3
0.973495024909003,0.74905398721486,2,8,3
0.41736791994149874,0.7007701477003878,3,1,3
0.3907138662494236,0.6854520489120921,3,1,3
0.39532995875408883,0.6765002348729697,3,1,3
0.3936244158992048,0.6641214691279277,3,1,3
0.38356174100493295,0.6415369958078269,3,1,3
0.38717476015055824,0.6686382290627567,3,1,3
0.4224804878461794,0.6701094974728717,3,1,3
0.3856013780308037,0.6666197191395599,3,1,3
0.40659197893288507,0.6676243811130361,3,1,3
0.4255772429107479,0.646779442352223,3,2,3
0.44519524897382085,0.6691202611510502,3,2,3
0.4359617918496932,0.6365890025590262,3,2,3
0.4078221420581557,0.6372798170007122,3,2,3
0.4525309024415352,0.6356042941459801,3,2,3
0.4147343147281541,0.6973076680216641,3,3,3
0.42111455971947215,0.6894358755441435,3,3,3
0.44063159520526074,0.7335781875950973,3,3,3
0.4352355443650548,0.7147576551748698,3,3,3
0.43110878692602544,0.6803278654747047,3,3,3
0.41255458891153823,0.6939826783674095,3,3,3
0.4956516129776363,0.7054288392576209,3,4,3
0.45773211326607405,0.6702244106261164,3,4,3
0.48486774864686855,0.6877540310037834,3,4,3
0.48004795009306933,0.6669268551869146,3,4,3
0.438914322592755,0.7104416057841074,3,5,3
0.42819459750378824,0.6923773687770056,3,5,3
0.4401468013779677,0.6982573417403404,3,5,3
0.4477725858724681,0.7154126559857736,3,5,3
0.47163853263524785,0.755171556651078,3,6,3
0.47119836118272235,0.7303388978155924,3,6,3
0.4638252874058983,0.7445807421972457,3,6,3
0.47572181571428396,0.7441844375212121,3,6,3
0.47712087488732047,0.7351704138000871,3,6,3
0.5011735206713529,0.7600922779418532,3,6,3
0.4977739891780204,0.7185172981052581,3,6,3
0.5491009652428261,0.7340250404801466,3,7,3
0.532512587983177,0.7404997907767257,3,7,3
0.5338583390449987,0.7119898126842119,3,8,3
0.533930165338801,0.7256169426188775,3,8,3
0.5315088979551243,0.701501248318141,3,8,3
0.4623912996375603,0.7495374367295276,3,9,3
0.48559096814168806,0.732753625468595,3,9,3
0.483848024059387,0.7325741014574171,3,9,3
0.4864631288969787,0.7371465064420633,3,9,3
0.4397836228466727,0.7459482399037338,3,10,3
0.4632379520673633,0.7460589801144025,3,10,3
0.4575510991757307,0.7496956568483909,3,10,3
0.44919647740715335,0.7401738113675307,3,10,3
0.4630175800161036,0.7274070869928984,3,10,3
0.4543603179347376,0.7487720687231132,3,10,3
0.28746226024990956,0.6600770857912369,4,1,3
0.2970311709955728,0.6700681201219989,4,1,3
0.3022259176774337,0.6555422717371703,4,1,3
0.29372342929562856,0.6412637648990804,4,1,3
0.32418319251852823,0.6908441368712307,4,1,3
0.3015366889388381,0.6549824908373727,4,1,3
0.2813923089899892,0.6579691376949542,4,1,3
0.31613229247717745,0.653111522576232,4,1,3
0.2939680873631171,0.6528423353718513,4,1,3
0.28528174955352503,0.6601150959615507,4,1,3
0.2894093353411745,0.6834114604358118,4,1,3
0.2772631928929927,0.6203825554558836,4,2,3
0.2194951987016784,0.6499467067601338,4,3,3
0.20823041663453024,0.6226648314939563,4,3,3
0.18255777693440353,0.6620472163857931,4,3,3
0.18916773506421639,0.6517326123601317,4,3,3
0.20655505202625046,0.6527029483416278,4,3,3
0.2014727500499149,0.6302228462807473,4,3,3
0.21683412198450946,0.6567916938785747,4,3,3
0.2142917197430013,0.6593788288759505,4,3,3
0.21672954037385622,0.6511119877463376,4,3,3
0.2026293588423625,0.6366217338655292,4,3,3
0.20295849151829956,0.6631442914071373,4,3,3
0.20683241128272115,0.6431422922654011,4,3,3
0.21137761998243498,0.6544477311823641,4,3,3
0.22783341020095194,0.6342427484751615,4,3,3
0.21267372769115608,0.6179950185490323,4,3,3
0.17752783056169563,0.6253667747814567,4,4,3
0.17254318947308944,0.5858732973468452,4,5,3
0.16394617455506252,0.5655198675537739,4,5,3
0.1878010677785899,0.5597444429239232,4,5,3
0.17139017782375712,0.5839995998938375,4,5,3
0.16153602347451482,0.611646551620471,4,5,3
0.17258234742658307,0.553575676601292,4,5,3
0.17400666081379915,0.5947870997216852,4,5,3
0.17602740077688556,0.5912301750180785,4,5,3
0.1721321525402879,0.5852353947395208,4,5,3
0.18599993278725935,0.60311313776119,4,5,3
0.15631517194356104,0.5914652166134698,4,5,3
0.1660517899201547,0.5679745821327509,4,5,3
0.1763326360328733,0.5883224193286896,4,5,3
0.18946398556354865,0.5712629133660359,4,5,3
0.1858713998357884,0.5280905871945439,4,6,3
0.1937478560962855,0.5722768905744634,4,6,3
0.20556989896480005,0.5569463415004355,4,6,3
0.19146264375086108,0.5672466195429645,4,6,3
0.19571445994313458,0.5474632421643325,4,6,3
0.18858032328191898,0.5550038437183747,4,6,3
0.20376256400918344,0.5421628617688231,4,6,3
0.2159505834041726,0.5426603960286146,4,6,3
0.19374332612020276,0.6031291656978823,4,7,3
0.23046267106873852,0.5945618948889961,4,7,3
0.21532890347926684,0.5840662495365591,4,7,3
0.2106748452074887,0.5982218881215403,4,7,3
0.2757715385349343,0.5615424366828238,4,8,3
0.25702234754785674,0.5993480962627714,4,8,3
0.26294979539221974,0.5750959359445705,4,8,3
0.2584894880981741,0.5769318357143897,4,8,3
0.2605367532821545,0.6118643623600064,4,8,3
0.8074304665883114,0.8788511261704821,5,1,3
0.8437076396969528,0.8643451120183886,5,2,3
0.8491188347895716,0.8511815851144624,5,2,3
0.8457685007756088,0.8488360136008265,5,2,3
0.8409301947478026,0.8349994623253666,5,2,3
0.841441891083559,0.8428004449582506,5,2,3
0.8077907809893207,0.804195570739146,5,3,3
0.7999108459387837,0.7923505242629745,5,3,3
0.8167650015480354,0.7749903049690571,5,4,3
0.8325113481297516,0.7752447596243658,5,4,3
0.8350036019605356,0.7822451786906454,5,4,3
0.8182739865948095,0.7688657862880923,5,4,3
0.8187287427142503,0.7919911046076893,5,4,3
0.812251189064402,0.7443480118550203,5,4,3
0.8101647287417333,0.7493497752864172,5,4,3
0.8124937752029104,0.7691869054099589,5,4,3
0.8251683341862547,0.7917816562436554,5,4,3
0.8456643665957727,0.7669798234830252,5,4,3
0.805417615698715,0.7730962309961867,5,4,3
0.8352432276155357,0.7887658549113943,5,4,3
0.8323847587400054,0.8047821374442348,5,4,3
0.8144587858854904,0.7682683850158948,5,4,3
0.8090941768744107,0.7795451357752865,5,4,3
0.8227665879542203,0.7713171847043997,5,4,3
0.8107338730919905,0.7563595615660889,5,4,3
0.8349193840968603,0.7851639041574459,5,4,3
0.8271765836242344,0.8021045305708374,5,4,3
0.8240854281231084,0.75567672558198,5,4,3
0.8283809451750956,0.7595002177511543,5,4,3
0.8561508993264699,0.7979405176465885,5,4,3
0.8182312679102522,0.7655465402510206,5,4,3
0.81642750687059,0.7528876332355354,5,4,3
0.8198404818628138,0.7800984225732859,5,5,3
0.8180525014235223,0.7402714945094344,5,5,3
0.8101326375714291,0.7815521768732985,5,5,3
0.7921910419750746,0.7639969148386874,5,5,3
0.8195998345331705,0.7330933523558565,5,5,3
0.8218029708034396,0.7488164484614823,5,5,3
0.8454491025544,0.8111604376177773,5,6,3
0.8908060246264524,0.7826430878090418,5,6,3
0.873720745333244,0.7820375544483356,5,6,3
0.888807745105823,0.7966172859342086,5,6,3
0.8635886042630876,0.7887220535157685,5,6,3
0.8537992431329517,0.7920430636838017,5,6,3
0.8739786900652114,0.7912268408474925,5,6,3
0.8592685548899756,0.7992991004112178,5,6,3
0.8851472943700126,0.7834074303839209,5,6,3
0.8470319601999805,0.7883740449567679,5,6,3
0.8575800789671131,0.8007067720089678,5,6,3
0.8764828060592976,0.7685510609085964,5,6,3
0.8567680897083234,0.8155883649311736,5,7,3
0.8757922592847338,0.8023406813929621,5,7,3
0.8638523441921341,0.7520024004219955,5,8,3
0.8702493335651361,0.7573357819042661,5,8,3
0.8774064432213081,0.7685797501798739,5,8,3
0.8397798377584695,0.7444532973568444,5,8,3
0.8686110367521667,0.750367597060668,5,8,3
0.8667183019801523,0.7731050446756046,5,8,3
0.8543200730794497,0.7764391462620455,5,8,3
0.8731361854895051,0.7691913060094081,5,8,3
0.8742235247375882,0.7340352029784425,5,8,3
0.8696110955765796,0.7458716088957479,5,8,3
0.8603773628501071,0.7324327404588136,5,8,3
0.8936602291120115,0.7352731161829984,5,8,3
0.8642643954604963,0.7638394019115725,5,8,3
0.8690414531820021,0.7658958424460806,5,8,3
0.8637559681782044,0.7592561992383118,5,8,3
0.8747316506876005,0.7521909807314755,5,8,3
0.866504218794975,0.7912719213072844,5,8,3
0.8245312792991698,0.6841312399126749,5,9,3
0.8692429674962563,0.7186875544792086,5,9,3
0.85590806110523,0.6932113852026432,5,9,3
0.8514873535182965,0.7000388002993554,5,9,3
0.7909553840855583,0.7194342033371985,5,10,3
0.8006448735923943,0.6772362082257969,5,10,3
0.8228227700452174,0.6847581365135661,5,10,3
0.8083626224256129,0.6752462395718527,5,11,3
0.801007140875073,0.659161367675732,5,11,3
0.8074418997025876,0.6956005968578193,5,11,3
0.8239271051313195,0.6960466397029467,5,11,3
0.8173733646993661,0.6932383276064382,5,11,3
0.8236172250173182,0.6877601323160236,5,11,3
0.8016239566002789,0.6757784284374571,5,11,3
0.7996606150081362,0.6861384356192388,5,11,3
0.7968302309694162,0.6688923644742699,5,11,3
0.8062053188822828,0.6929256930687575,5,11,3
0.7945024487779732,0.6653856628922643,5,11,3
0.809350617536707,0.692827204837874,5,11,3
0.8196975837016439,0.6899172661732166,5,11,3
0.8004522839503894,0.6848987850362735,5,11,3
0.8045713809311442,0.6712419836274325,5,11,3
0.35987584783636295,0.7168770833777219,6,1,3
0.3657299004965148,0.7437870536272605,6,1,3
0.3580922043540311,0.6989145205713723,6,2,3
0.3407309403785325,0.7594413208841579,6,3,3
0.3527325958163891,0.759043503684087,6,4,3
0.3441896280904225,0.7680329607603656,6,4,3
0.33427213048860904,0.7509576622972141,6,4,3
0.3451561923484415,0.7696939918442532,6,4,3
0.35010424383446415,0.7144856757193344,6,4,3
0.35042979136807645,0.7418774175020448,6,4,3
0.374880619933009,0.7507018877990742,6,4,3
0.4188647200822187,0.8025702778633248,6,5,3
0.37619062584529067,0.8007327801549813,6,5,3
0.3028802169576898,0.8368236687387018,6,6,3
0.31161561811575367,0.8032994626639683,6,6,3
0.3310333416100092,0.8162587913474966,6,6,3
0.3008054740336852,0.8274730507373982,6,6,3
0.36721570742953413,0.8272336756701476,6,6,3
0.35931658289568624,0.8022640005056344,6,7,3
0.3562576245927933,0.8391481869273366,6,7,3
0.3259700708142497,0.8197626576563273,6,7,3
0.3682814736698654,0.835347522163703,6,7,3
0.3593973300466619,0.8447946340868959,6,8,3
0.3765438917537026,0.8499299533318921,6,8,3
0.3539198175725339,0.8758403279797693,6,8,3
0.35909929009529246,0.8651198470447495,6,8,3
0.34843409298854255,0.8582387077151123,6,8,3
0.3514733756977107,0.8433323255537258,6,8,3
0.3723488119312777,0.8433747720112349,6,8,3
0.34362438840459153,0.8621191815369612,6,9,3
0.33500366425569544,0.844768426342132,6,9,3
0.3511615224321131,0.8333110363580832,6,9,3
0.34188831007062387,0.8576327615127434,6,9,3
0.3365712331105159,0.8634663106557677,6,9,3
0.3621248179091125,0.8282969352681449,6,9,3
0.3354372776451051,0.8453754873524824,6,9,3
0.2764477128088079,0.8653806705704472,6,10,3
0.2768074411766345,0.8528227535812395,6,10,3
0.2911222881560553,0.862889705886099,6,10,3
0.2762383320865306,0.8509286193855612,6,10,3
0.302825437412385,0.8543649650584041,6,10,3
0.29739895569809094,0.8453941134203865,6,10,3
0.3058124491447581,0.8793179618833604,6,10,3
0.2819563827168427,0.8614805785306364,6,10,3
0.2774781439262996,0.8632557980273351,6,10,3
0.3059223496577203,0.8485947957528482,6,10,3
0.27812747101911556,0.8681314456136697,6,10,3
0.3127530839660782,0.8485844574326764,6,10,3
0.2778715437999006,0.870316642795295,6,10,3
0.3100382953283736,0.8725815584305547,6,10,3
0.23100165175835638,0.8684060148131212,6,11,3
0.27601032469002496,0.8594633499252177,6,11,3
0.27847639913214134,0.8958607202951323,6,11,3
0.2673876056591595,0.8858434708408076,6,11,3
0.5592650440725985,0.9807384649582214,0,0,2
0.8498259481719269,0.820858151016039,0,0,2
0.9498073214798416,0.4968924116114014,0,0,2
0.28270504103618865,0.09249130319226938,0,0,2
0.6432666181535475,0.8193412118553318,0,0,2
0.4703263356183831,0.8913013192348637,0,0,2
0.3498650776533847,0.8788562157180669,0,0,2
0.8968538370849521,0.8706277881479423,0,0,2
0.3457890846533639,0.8625058323306722,0,0,2
0.19304746182857402,0.3524663608779791,0,0,2
0.8749922876653464,0.9373872363665834,0,0,2
0.10035406758603671,0.24693293320170961,0,0,2
0.9354049477889972,0.059024298356340155,0,0,2
0.9599151460704024,0.31888588172407706,0,0,2
0.41750344528891037,0.5026358837677114,0,0,2
0.7985070977665275,0.6567950811049316,0,0,2
0.6287605383925869,0.2620872691748767,0,0,2
0.6066007295280061,0.7294460970173731,0,0,2
0.34621969213167814,0.7709988508657458,0,0,2
0.8536575457090575,0.16626944437295044,0,0,2
0.6428134250134385,0.35386660476033494,0,0,2
0.11591296000394047,0.5430877229034475,0,0,2
0.14544872335505898,0.14738452135902802,0,0,2
0.6321336522393822,0.4706267486440504,0,0,2
0.3975173948051697,0.07261818987602975,0,0,2
0.9369165376770482,0.1800932686435388,0,0,2
0.13440998850846897,0.8941660149122824,0,0,2
0.2723512295078123,0.8297187567856673,0,0,2
0.25169486883920655,0.3776909113343577,0,0,2
0.3460131727616156,0.8309229471791454,0,0,2
0.5067556271892513,0.39797056232477035,0,0,2
0.5458493799334722,0.41501354370247323,0,0,2
0.28002232249029724,0.16565287597232603,0,0,2
0.8070761313618106,0.5796106278667617,0,0,2
0.7176961143459032,0.7461258269123696,0,0,2
0.8758625551858541,0.5698714811716765,0,0,2
0.5320065598909188,0.06152958137262432,0,0,2
0.11790109004210292,0.6220492121782216,0,0,2
0.21841271128509465,0.8620441762102218,0,0,2
0.6683696932114389,0.24730485261967106,0,0,2
0.45391762330919316,0.8496874260783531,0,0,2
0.20303852007090872,0.699870239910721,0,0,2
0.7398681927056203,0.30237423164561983,0,0,2
0.6224243808676352,0.9246755756139009,0,0,2
0.25791560380487033,0.20480941856296775,0,0,2
0.5224285140883574,0.592679457640934,0,0,2
0.9389168811252496,0.3933495321564108,0,0,2
0.19656145684372395,0.0003725512599245251,0,0,2
0.6073816547590537,0.900063975836668,0,0,2
0.6718634414968582,0.593493888978864,0,0,2
0.8795949216989953,0.7277645221373098,0,0,2
0.22948888525212296,0.321987249716546,0,0,2
0.7179255185900529,0.5577009716601868,0,0,2
0.7850008933511617,0.6657285781778528,0,0,2
0.8178209459870925,0.9024073616965453,0,0,2
0.17857706732050693,0.4158538236381284,0,0,2
0.9737714625503597,0.2978502117408791,0,0,2
0.9583463815242217,0.3315024581100984,0,0,2
0.7291276546774886,0.7055034624149824,0,0,2
0.8502338046786551,0.23961091070347118,0,0,2
0.463613153398859,0.1617182756808918,0,0,2
0.8734688044978471,0.49700946137229174,0,0,2
0.7825172598927089,0.14028827483086592,0,0,2
0.2999057222229924,0.2750299961791124,0,0,2
0.9421103953812571,0.25602210149167814,0,0,2
0.2622637858812472,0.750278394596161,0,0,2
0.635989846954963,0.5228407043553261,0,0,2
0.9702353368156227,0.6949907669248807,0,0,2
0.358290283856903,0.6612199856393973,0,0,2
0.3919893228422855,0.3780254187867861,0,0,2
0.3007976980640865,0.6458896643715223,0,0,2
0.04984267413483445,0.025060948110010587,0,0,2
0.7782760797220644,0.6652417578377883,0,0,2
0.611973334418716,0.07313176649361341,0,0,2
0.17763927676875346,0.35531221370515886,0,0,2
0.8650597643239921,0.6225984514248182,0,0,2
0.8981570594983046,0.6673416975872127,0,0,2
0.774966030294886,0.5135476471968901,0,0,2
0.6997375331418519,0.8380742907629872,0,0,2
0.23807751327157223,0.43052514900144423,0,0,2
0.019601753495929627,0.06051660001211501,0,0,2
0.5924462543429597,0.5650589827161614,0,0,2
0.2899299517665014,0.983894044627263,0,0,2
0.2660916937353681,0.1145542998756599,0,0,2
0.5380864762489647,0.39083275889341684,0,0,2
0.6989995944378812,0.17551675314770676,0,0,2
0.08758217096850973,0.34285572400007436,0,0,2
0.4053353888593433,0.15775096985678594,0,0,2
0.18424360257676176,0.8826138013519483,0,0,2
0.9950843474407776,0.4180243944653663,0,0,2
0.06958264360592425,0.3046729900017513,0,0,2
0.016882341609363194,0.1679279749285879,0,0,2
0.9639565180294477,0.9564647548634853,0,0,2
0.28439373693612424,0.37607148227579423,0,0,2
0.2905318686010894,0.7012015969219264,0,0,2
0.09211903047291214,0.7386500701886324,0,0,2
0.4789345125262099,0.7539061341419024,0,0,2
0.39037646108077406,0.7126739222512048,0,0,2
0.6838896550117266,0.16807720425057382,0,0,2
0.7928829937780033,0.029874671263716793,0,0,2
0.6043690259711585,0.3737620469039119,0,0,2
0.29598785100781766,0.9481197649244723,0,0,2
0.2552782456729462,0.5272275695423138,0,0,2
0.7180253755459758,0.17632623439828754,0,0,2
0.5489770353710989,0.9481042476745422,0,0,2
0.7666271888352976,0.11810175876702922,0,0,2
0.7580594973400265,0.3366728769055597,0,0,2
0.7976298608860486,0.015848375572785733,0,0,2
0.6208813699823696,0.8051141166822757,0,0,2
0.6177713317964932,0.3598331802025385,0,0,2
0.47037062650780426,0.37323448049021657,0,0,2
0.5586000464659093,0.6822164201662619,0,0,2
0.6666009348758123,0.7979193427557788,0,0,2
0.5092826838721253,0.6643926227989517,0,0,2
0.8220346351459117,0.8872445914871993,0,0,2
0.5436313580584865,0.39485166627490476,0,0,2
0.9047151575109195,0.6568820306953134,0,0,2
0.6149570750372612,0.39042114455245885,0,0,2
0.03177448712440212,0.16578188704856822,0,0,2
0.5998580696587007,0.4766815412950711,0,0,2
0.4762730363885693,0.8864398733050554,0,0,2
0.705604466621065,0.09814288707531982,0,0,2
0.11949839940278018,0.02515529663619176,0,0,2
0.3617706106686246,0.6961080308910252,0,0,2
0.7355771165798594,0.361791805452795,0,0,2
0.08689877833387505,0.9514412842917312,0,0,2
0.8896786128489543,0.8260370701265465,0,0,2
0.03012074822842281,0.49982765173286015,0,0,2
0.5772748587579908,0.673904758459513,0,0,2
0.09115504835375488,0.8942218503558969,0,0,2
0.8328384847927098,0.982482155468026,0,0,2
0.6198972419847352,0.9921889251848822,0,0,2
0.002096743487411512,0.12285259392789893,0,0,2
0.0671368401079111,0.9097773671723397,0,0,2
0.81785876960303,0.27973467206720837,0,0,2
0.7025203588713208,0.5818554345643728,0,0,2
0.3853084627052764,0.17925007163075746,0,0,2
0.7911766332743755,0.4586937076193961,0,0,2
0.5138217161561212,0.5283115619750578,0,0,2
0.6183004377224784,0.17840392046914488,0,0,2
0.744417967792474,0.0102377025437701,0,0,2
0.4326246225291528,0.1481696835874503,0,0,2
0.709597550377402,0.8198401923701428,0,0,2
0.6858230691993488,0.8217481502204482,0,0,2
0.7786327439672831,0.07169940435359101,0,0,2
0.85603100525072,0.5121030112628729,0,0,2
0.49718986290981726,0.31976732403022023,0,0,2
0.7864137960602846,0.8140313769866147,0,0,2
0.021275012509334057,0.826512422727288,0,0,2
0.1963378700802667,0.6592150026265998,0,0,2
0.22651952492797822,0.8159449522597585,0,0,2
0.6790871300849347,0.38776206996342366,0,0,2
0.3550363987089209,0.21565451448230621,0,0,2
0.8325907393208781,0.32412359013237635,0,0,2
0.682694884371238,0.17862230467514217,0,0,2
0.6983516756254547,0.7295629264810702,0,0,2
0.008964903563485116,0.11557556823384663,0,0,2
0.4865881365851966,0.14029488857086403,0,0,2
0.9877300043094434,0.30212341110838903,0,0,2
0.10631482411643134,0.979187017908693,0,0,2
0.9604171108687368,0.5528056185019512,0,0,2
0.47342368297694204,0.5778428356816878,0,0,2
0.9676525066421104,0.8340537160892519,0,0,2
0.11805149927863035,0.2341312666065668,0,0,2
0.7040240892249239,0.59275153861005,0,0,2
0.02134670358595736,0.7912349674590197,0,0,2
0.3568798828271387,0.56244367682516,0,0,2
0.5190882590688984,0.7200983646492477,0,0,2
0.9822475223560629,0.3206948720154549,0,0,2
0.2838932553131164,0.8258704143396725,0,0,2
0.40186201941355204,0.2864432025132684,0,0,2
0.3731841829925978,0.16345586476540908,0,0,2
0.07449745580572176,0.9347092412388918,0,0,2
0.5755008413482542,0.5153629299294291,0,0,2
0.2664673082546011,0.6030032898794008,0,0,2
0.9506002453685816,0.6415073831705211,0,0,2
0.1460399483013708,0.8969205475896485,0,0,2
0.019611864305204674,0.14378173960151674,0,0,2
0.5716734716865767,0.6616753878328524,0,0,2
0.8720547377905724,0.43624916657780366,0,0,2
0.5435313318820381,0.7917997866010055,0,0,2
0.3085928526458258,0.36182295055222036,0,0,2
0.5050737817344719,0.4899372693823202,0,0,2
0.6562132684244405,0.997345707091215,0,0,2
0.546869958691398,0.14129909801633633,0,0,2
0.4692771211179443,0.536477313895418,0,0,2
0.17951479971847084,0.3880016129705053,0,0,2
0.7319756780665906,0.6878093025032787,0,0,2
0.9255085651466107,0.2835470826606348,0,0,2
0.9192023103383457,0.4458945818491849,0,0,2
0.09496374816847775,0.12042979703198331,0,0,2
0.11005248854109384,0.24383812095122592,0,0,2
0.7887858337771527,0.8307267517937295,0,0,2
0.8962755979676115,0.7701659315618484,0,0,2
0.7333548647463386,0.2767042441193104,0,0,2
0.31961524320130374,0.9172218062291871,0,0,2
0.9620643700034326,0.46600295305294315,0,0,2
0.5782360714972241,0.823447155285428,0,0,2
0.17296606388110658,0.883539219181762,0,0,2
0.28687527988178024,0.7365819834793597,0,0,2
0.09696173558986643,0.1759953273570778,0,0,2
0.6220165299330345,0.5983783937886108,0,0,2
0.8482456678940591,0.746518851903037,0,0,2
0.9156181102754007,0.13037840496285424,0,0,2
0.0012915861003586215,0.4672062273731291,0,0,2
0.5890911414351184,0.530158973957769,0,0,2
0.09918082333226652,0.22027562146375002,0,0,2
0.30224550254179905,0.2567649584353279,0,0,2
0.5326363137057702,0.23262478604979075,0,0,2
0.2966258570858678,0.6096174030190173,0,0,2
0.4037384818179718,0.005723104720229966,0,0,2
0.9383274459896586,0.09145759309201462,0,0,2
0.26267759647313815,0.13902976178177684,0,0,2
0.6624819198227259,0.39913280879225155,0,0,2
0.6928988193013027,0.9573409089329508,0,0,2
0.5946926595339569,0.6016144752318643,0,0,2
0.008922819552244832,0.12527683396179712,0,0,2
0.09038849055405651,0.650883956589301,0,0,2
0.9600799569003876,0.040896427067452445,0,0,2
0.8480083162772046,0.7137820172814855,0,0,2
0.731041825407106,0.9487793890584618,0,0,2
0.13671204900439127,0.2551247461711166,0,0,2
0.4273652151398232,0.3941525849109426,0,0,2
0.21553883235676252,0.6190913598604848,0,0,2
0.8762203854701405,0.6534305686792692,0,0,2
0.6328259641053132,0.08214818305779636,0,0,2
0.4701439941277362,0.4196183839178096,0,0,2
0.9357416617030828,0.2614280596109624,0,0,2
0.7827000222667386,0.4852800666381215,0,0,2
0.5071566007831949,0.4192398266014151,0,0,2
0.4019392291793916,0.4959676306318713,0,0,2
0.9584923174197985,0.6268967440402271,0,0,2
0.579058802777928,0.608224047921939,0,0,2
0.579202903859952,0.0470241764820618,0,0,2
0.3591519771128807,0.49870959076868415,0,0,2
0.8080702545190938,0.14899413228429792,0,0,2
0.602960897782095,0.35186576605519004,0,0,2
0.9307252739644455,0.27368539958545823,0,0,2
0.25852159485231774,0.9884617792125701,0,0,2
0.31350102780807954,0.9820972767433923,0,0,2
0.7625897499041427,0.7511833789904006,0,0,2
0.18557912292874246,0.2134801997672675,0,0,2
0.3697480687546507,0.6141427893353115,0,0,2
0.24399224638594164,0.3269216640767427,0,0,2
0.2790009750986996,0.3964505746884057,0,0,2
0.47428102513139503,0.9932034363216063,0,0,2
0.4887727501328666,0.5237177845495872,0,0,2
0.8870666670546468,0.47228708160115973,0,0,2
0.08709350096039015,0.2484209863934479,0,0,2
0.9459609598728054,0.038506031723833156,0,0,2
0.2629025613437779,0.3226309703146464,0,0,2
0.8202562925790495,0.992490827210913,0,0,2
0.469752970690161,0.7814744077039449,0,0,2
0.09848142140910354,0.15720481350326354,0,0,2
0.15338279170967728,0.18093707974378614,0,0,2
0.42563265600855116,0.9502757810414375,0,0,2
0.6163848978798399,0.8204042026086931,0,0,2
0.5564714626614259,0.5336192420847116,0,0,2
0.4548705875009681,0.32786667902480926,0,0,2
0.24765574472815818,0.11015601160366495,0,0,2
0.34372787810192207,0.15626199293891974,0,0,2
0.4637848938486444,0.9505008782964435,0,0,2
0.754816698672549,0.6955728495800125,0,0,2
0.4634528876970839,0.41504032386551315,0,0,2
0.9210826089526197,0.715307362754834,0,0,2
0.4051811316496877,0.616187178557433,0,0,2
0.6662175019413143,0.22025565430882543,0,0,2
0.22350443263412412,0.17063126217413427,0,0,2
0.7472636443490177,0.7441909326691649,0,0,2
0.4497580842560842,0.961204330905824,0,0,2
0.9368785258804361,0.699707845749404,0,0,2
0.8218097816358936,0.38984077191440636,0,0,2
0.256047352541779,0.6214445054631759,0,0,2
0.08682882665186442,0.27524961108258394,0,0,2
0.8253727896707082,0.054419164546493426,0,0,2
0.6956572712917336,0.6781625726508966,0,0,2
0.42731178291726224,0.7151125276367474,0,0,2
0.2917515178072789,0.9582812547533139,0,0,2
0.4222384161486725,0.5853975475600598,0,0,2
0.4121339896130576,0.46009089054616736,0,0,2
0.6297829162698214,0.29906919808734866,0,0,2
0.9666043482791821,0.24110297850481943,0,0,2
0.8210524433485434,0.7485548773625066,0,0,2
0.7277888041388482,0.446314685620251,0,0,2
0.10534821600091138,0.8139685376235074,0,0,2
0.2629874899418243,0.7137149109614235,0,0,2
0.0965215307026076,0.7962544816214993,0,0,2
0.4968284180043149,0.3751872542908463,0,0,2
0.8999496959160723,0.5024618366616468,0,0,2
0.006660038010715685,0.23699548102700796,0,0,2
0.4490661250102306,0.7003990200492088,0,0,2
0.06836221480682281,0.4411050843952756,0,0,2
0.048492373878589734,0.7537032510821776,0,0,2
0.9916823418563424,0.822975310234208,0,0,2
0.6886126842186365,0.12665353350123354,0,0,2
0.09971914982418617,0.6454021212667346,0,0,2
0.5634961393224315,0.9147311087761575,0,0,2
0.5373017961840305,0.19840694172616857,0,0,2
0.7601375222872648,0.20373960762438081,0,0,2
0.861751021850584,0.7734082466132196,0,0,2
0.8604524393043208,0.8349953037611256,0,0,2
0.43757131066780586,0.9564214407726793,0,0,2
0.5587037333658378,0.053034052873736526,0,0,2
0.833550746369115,0.35224589444076626,0,0,2
0.7901582961880281,0.9648581938713983,0,0,2
0.629766157585141,0.4695504188327867,0,0,2
0.8388058597236606,0.9659708942937311,0,0,2
0.8775208793535829,0.2789222169828076,0,0,2
0.05517245178462148,0.8563071316968629,0,0,2
0.23428860206265256,0.8372024768721719,0,0,2
0.5126009864431829,0.5976383603977654,0,0,2
0.8075926235427763,0.5948722441831128,0,0,2
0.9622932258865649,0.3675226778289734,0,0,2
0.6548928643662223,0.5430089762767147,0,0,2
0.13987352684450638,0.10530909985962089,0,0,2
0.2555458162035338,0.5563517576484952,1,1,4
0.26751760693625026,0.5573019650302027,1,1,4
0.2615589429742326,0.5704693168682945,1,1,4
0.2271106155002621,0.6080801569657216,1,2,4
0.20378538184408024,0.568992060132241,1,3,4
0.21671286058490563,0.5632917931606454,1,3,4
0.24956492667379648,0.5530883271638857,1,4,4
0.19179676988410296,0.5440216432816442,1,5,4
0.24465543012191507,0.5005582882324081,1,6,4
0.22531797815938426,0.5054259571412001,1,6,4
0.21550560232400723,0.5312166661861667,1,6,4
0.22313150115586525,0.5098925730503013,1,6,4
0.2657714283348763,0.5189344584983274,1,7,4
0.2375359287685041,0.45721923694541855,1,8,4
0.2403570854184871,0.47917048303937965,1,8,4
0.24000809784394878,0.47106301503167924,1,8,4
0.23801450884735542,0.4513132078421844,1,8,4
0.22875924057109245,0.4575459500250423,1,8,4
0.23394181807526213,0.4952812907292301,1,8,4
0.24530641324508626,0.46419774731751984,1,8,4
0.24006702827982507,0.45892307005755517,1,8,4
0.26058232270823933,0.47672861992789284,1,8,4
0.23585387134152214,0.46905131190884225,1,8,4
0.24292742525504996,0.4730154014290993,1,8,4
0.2711215518156415,0.46949651414734045,1,8,4
0.24865996508447288,0.4821653228309003,1,8,4
0.23750042735938554,0.47328201056305635,1,8,4
0.2246219103580867,0.4755357645585737,1,8,4
0.2341176082730172,0.4319718408278969,1,9,4
0.2087237584255003,0.43987831210241185,1,9,4
0.18587539329302766,0.47301764201373775,1,10,4
0.16569844411647563,0.4809531049027228,1,10,4
0.16872084399656848,0.49407905414760656,1,10,4
0.1952153833386611,0.46651241261044435,1,10,4
0.18857814197380512,0.4497692899414858,1,11,4
0.208652350722645,0.438190891218372,1,11,4
0.19684744904245183,0.4459805163619517,1,11,4
0.19832014198060408,0.4687563871989446,1,11,4
0.21277953325314017,0.456480690593745,1,11,4
0.15185764034264979,0.43399259965301784,1,11,4
0.16310377893170266,0.4607045152576903,1,11,4
0.2253706421958922,0.4212445960178401,1,11,4
0.19803535175333992,0.44386603162268734,1,11,4
0.2707621578374535,0.4405305257727185,1,12,4
0.23488776807908673,0.4205228615131941,1,12,4
0.24311577267888748,0.41999179848010615,1,12,4
0.3407156453291065,0.49860189221403267,2,1,4
0.32636963110317624,0.4863439820284656,2,1,4
0.32902101541724815,0.46472152362722857,2,1,4
0.31244163367583605,0.4971099756205913,2,1,4
0.3368254098225765,0.5027700994992166,2,1,4
0.3792457689030554,0.4716049438490909,2,1,4
0.3101885307097302,0.4814819165516088,2,1,4
0.24963843737309424,0.5180034555046298,2,2,4
0.2681017103846533,0.5286213393708864,2,2,4
0.22233156803039852,0.4796910066040354,2,3,4
0.2572243803537661,0.523094897262612,2,4,4
0.264690822501332,0.538408223308533,2,4,4
0.25397029983985775,0.5040360165470564,2,4,4
0.24213412648171195,0.5828299276364677,2,5,4
0.2605890117912387,0.5388517635598737,2,5,4
0.3153946358125707,0.5717898302347467,2,6,4
0.33131389533307803,0.5636985325846616,2,6,4
0.35820031689235715,0.5405246143409181,2,7,4
0.31887641578722103,0.5488703875533958,2,7,4
0.35441311291186506,0.5415734893648884,2,7,4
0.2881824177177856,0.5272799312680477,2,8,4
0.2947963349507767,0.5604650674621732,2,8,4
0.29554022778229505,0.48751711566747463,2,8,4
0.3220370959924975,0.4920336846349116,2,9,4
0.33287177670125284,0.5044639254885732,2,9,4
0.36513565307114065,0.47958104915011246,2,10,4
0.3683428495900789,0.4785878406958954,2,10,4
0.368382744773685,0.4627971874771131,2,10,4
0.3985932872818943,0.4468726575849404,2,11,4
0.39863251717508624,0.3882838378572395,2,12,4
0.3966518634504371,0.408400014580252,2,12,4
0.4088767735973888,0.4124029541334001,2,12,4
0.4070351278435777,0.4090740380954101,2,12,4
0.45475263220319795,0.45498819200030727,2,13,4
0.4383576470127739,0.4868327289387117,2,13,4
0.4525493405846861,0.4733098543078697,2,13,4
0.44982546418372876,0.42425099681292694,2,13,4
0.40932936294933947,0.440494049050469,2,13,4
0.5614959801283691,0.6876851666288466,3,1,4
0.5238377605045189,0.6931369334057916,3,1,4
0.5602216610007855,0.7150831218092446,3,1,4
0.4810570815048162,0.7316473694225347,3,2,4
0.5064980794167546,0.7268956542003455,3,3,4
0.5286019529774504,0.7183897312176032,3,3,4
0.47899648647066273,0.7225592047186913,3,3,4
0.50944121361455,0.7397341159201336,3,3,4
0.500742103299536,0.7483510623811495,3,3,4
0.5061206181031761,0.7136688764831188,3,3,4
0.5027020425699545,0.738475016911201,3,3,4
0.5063913594993757,0.7608315666304898,3,3,4
0.4956809767055746,0.7442403096569329,3,3,4
0.5298715482239508,0.740587854288573,3,3,4
0.501267281679148,0.7443127492388585,3,3,4
0.4863110792311949,0.7513456398972678,3,3,4
0.5003945431213771,0.7369246510701296,3,3,4
0.4848470960263492,0.7766934304859682,3,4,4
0.506584071276793,0.7859160281962997,3,4,4
0.5221014898647514,0.7763215212916795,3,4,4
0.496077514870834,0.7881754711994338,3,4,4
0.49296970332022877,0.8053136524230063,3,4,4
0.48415694704940637,0.7849808538228772,3,4,4
0.5079948533670237,0.7685324275112821,3,4,4
0.4926794817310147,0.7695762782824905,3,4,4
0.5062983990142594,0.8066184629480397,3,4,4
0.497467069717539,0.7909731047702435,3,4,4
0.45098523773546334,0.8071920103296469,3,5,4
0.45060375634741445,0.7930059977878403,3,5,4
0.49808540527246187,0.8070271778288367,3,5,4
0.4789128168877326,0.8154849178277167,3,5,4
0.47853066824183854,0.7837431957952873,3,5,4
0.4435643987159718,0.7813210997038456,3,5,4
0.470923667183918,0.8163300619656212,3,5,4
0.46681543620197236,0.8175026971517918,3,5,4
0.458454962117428,0.873536110187959,3,6,4
0.46778447149317076,0.843594151336591,3,6,4
0.44850595325426557,0.84913497329604,3,6,4
0.449650921216249,0.8680398532105001,3,6,4
0.4637797672386187,0.8237084654759731,3,6,4
0.464536883832052,0.8433216107615478,3,6,4
0.455113865077176,0.836299801851213,3,6,4
0.44755168940103335,0.8239911780158653,3,6,4
0.4543953427417497,0.8312933998410706,3,6,4
0.4718455544099125,0.8029323027265161,3,6,4
0.4691771998794516,0.8390972477992468,3,6,4
0.4368769605419619,0.8407823161346755,3,6,4
0.4408701464737239,0.818913978638152,3,6,4
0.4632662061020362,0.857349286376223,3,7,4
0.46833590705571493,0.8912278972066334,3,8,4
0.45784826318181204,0.8988599921521515,3,8,4
0.45076237556593485,0.8925919209615445,3,8,4
0.46381485520557547,0.9095530977507971,3,8,4
0.42449742546138075,0.9162850166169062,3,9,4
0.42806302859216644,0.8828633566872199,3,9,4
0.3774071236276863,0.897588476462719,3,10,4
0.4150086578806663,0.8878677449179468,3,10,4
0.40016808842227214,0.8471235116069021,3,10,4
0.42072616840223237,0.8953439720688209,3,10,4
0.39069424480718096,0.8898149463122513,3,10,4
0.40947929420402945,0.8934005403210139,3,10,4
0.39201250150800276,0.7938720187565305,3,11,4
0.37541082953445665,0.8147241543354522,3,12,4
0.3693945217051029,0.8355918993853688,3,12,4
0.37793280052083383,0.7874242710566985,3,12,4
0.3709392111112936,0.7831790400665686,3,12,4
0.3976874851651581,0.7933577410104605,3,12,4
0.6244406529142621,0.8011453270298088,4,1,4
0.6026440531359778,0.7855798801274011,4,1,4
0.6346211922440606,0.7769175947176344,4,1,4
0.6265608919641892,0.7790203081387175,4,1,4
0.6288947677248246,0.7715093496668797,4,1,4
0.6184043497180237,0.7691262693979303,4,1,4
0.622923140657373,0.7736876183142142,4,1,4
0.611587404647502,0.7818326137143318,4,1,4
0.5987114532365745,0.8072083304195373,4,2,4
0.5869536584029263,0.8168363231079119,4,2,4
0.6279613398393025,0.7914528142604986,4,2,4
0.5879151073398883,0.8175310690818576,4,2,4
0.5855238250805622,0.8176871245009938,4,2,4
0.5919262571864755,0.8197668069594188,4,2,4
0.6090114313276701,0.8131548581866239,4,2,4
0.5931713357547146,0.8117422757996702,4,2,4
0.6172423579872559,0.8127530568572299,4,2,4
0.5935065816033218,0.7929451445653337,4,2,4
0.6120590199618599,0.8142519297678766,4,2,4
0.6387619756418902,0.8282113534937732,4,3,4
0.6080301617693885,0.8020681688528801,4,3,4
0.5955674141159305,0.8134265182406726,4,3,4
0.5841487546923714,0.8413452610959581,4,4,4
0.5969801185407132,0.8422252205053278,4,4,4
0.5478652827530115,0.8749539635971677,4,5,4
0.5339576915665304,0.9086125722086672,4,5,4
0.5780752113866371,0.8795581293403588,4,5,4
0.5450295053381935,0.8525044309300007,4,5,4
0.5493243481417781,0.8804124836982907,4,5,4
0.5722415998669624,0.8773283724698739,4,5,4
0.5619950533692966,0.8845695613923997,4,5,4
0.5703476059393379,0.8859573578348613,4,5,4
0.5637569983839176,0.916797967966223,4,5,4
0.5731095521033114,0.8871803955781128,4,5,4
0.6194790765128476,0.8421973958644556,4,6,4
0.6158064945917208,0.880034559225647,4,6,4
0.6123890362424105,0.8551082341479963,4,6,4
0.6166475770941173,0.8765042830993854,4,6,4
0.6220319086880217,0.8867104042200793,4,6,4
0.6161366940084434,0.8897418755981374,4,7,4
0.5955361845748952,0.8772234357402555,4,7,4
0.6330186274320437,0.8987630311218676,4,7,4
0.5755913653836257,0.8656682969441509,4,8,4
0.593347423332579,0.8797306136162609,4,8,4
0.5639004059463624,0.839017334560539,4,9,4
0.527885361939703,0.8329910424807057,4,10,4
0.5055984221678815,0.8240955529890401,4,10,4
0.5219356528923119,0.8592892850233862,4,10,4
0.5132692598550628,0.8343198107802265,4,10,4
0.5072030958855662,0.826933568808296,4,10,4
0.5074650886532565,0.8422393562979533,4,10,4
0.50056747605739,0.832886555500684,4,10,4
0.5255042952195026,0.8407996612360487,4,10,4
0.5357713357767778,0.8254309104785315,4,10,4
0.5294310883023211,0.8243261672501854,4,10,4
0.4987892677056004,0.8137768599647606,4,10,4
0.7731910489688235,0.42571757171231406,5,1,4
0.7892673998668023,0.4140609229988678,5,1,4
0.787337200055645,0.3897370524717866,5,2,4
0.7912624311259255,0.40109693015105036,5,2,4
0.7980584620883812,0.3627826616239369,5,2,4
0.7865199182743103,0.37933468152657035,5,2,4
0.7846722110115704,0.38773311784936015,5,2,4
0.7900416084690582,0.369908515685914,5,3,4
0.7395086310981355,0.36429828926698044,5,4,4
0.7339816820989413,0.3587636255930075,5,4,4
0.7083961465784454,0.3683230656998205,5,4,4
0.6995764983486065,0.40658935285834064,5,5,4
0.7347443345702788,0.41425159925439653,5,6,4
0.6866027926089782,0.39564496391626514,5,6,4
0.7014169061739101,0.3936122613700955,5,6,4
0.6894352179888418,0.37570129968537214,5,6,4
0.6887548411257461,0.40562781580290597,5,6,4
0.707663023717342,0.41184825195128366,5,6,4
0.7443725707256867,0.4373271619582673,5,7,4
0.7115338112297476,0.46212015001137924,5,8,4
0.7099289261731468,0.45354628842088385,5,8,4
0.7403696753064654,0.47728823568184087,5,8,4
0.7315185755339391,0.5072872780322637,5,8,4
0.7102217126586767,0.4933402524788449,5,8,4
0.7401615424683018,0.4433813237550043,5,9,4
0.7433121199281387,0.42737185056964916,5,10,4
0.779962878135902,0.4356573698817985,5,10,4
0.7146382365855081,0.4176097863273004,5,10,4
0.7649063811811374,0.426477771945123,5,10,4
0.6829752017289973,0.4383294016932268,5,11,4
0.7094260922595409,0.5105629275668004,5,12,4
0.7235785460198088,0.46776609505343686,5,12,4
0.6990453019263891,0.5262233903676165,5,12,4
0.6990192232763985,0.5126405700151228,5,12,4
0.6961439626898321,0.5014953514296704,5,12,4
0.6723845909446432,0.4642855680469334,5,13,4
0.6433313590464939,0.43835563789095255,5,13,4
0.6589952978957173,0.4674561110761324,5,13,4
0.18015698988012271,0.13620112737336082,6,1,4
0.17218828027829342,0.12916484620019697,6,1,4
0.09964256495315117,0.111901985446128,6,2,4
0.12489116823967962,0.12035348330730072,6,2,4
0.11763309540282489,0.12357245166212291,6,2,4
0.12583107695310056,0.10991144684895818,6,2,4
0.1262373534111192,0.1475717253007467,6,2,4
0.11643645492111825,0.13104961700185774,6,2,4
0.1340565386547736,0.14958887535204377,6,2,4
0.10471547666082619,0.1433348034415447,6,2,4
0.13816201306097708,0.1332289188656437,6,2,4
0.11607064805470502,0.11240235734595116,6,2,4
0.10703876399039966,0.11901872218266359,6,2,4
0.1041461087033096,0.13380973699044948,6,2,4
0.1017933738058957,0.11095593145039832,6,2,4
0.10168958052254255,0.08532501484617559,6,3,4
0.07203475994545698,0.11134348622070334,6,3,4
0.09511047565078845,0.10376423750818807,6,3,4
0.08050445538274677,0.10822676129538766,6,3,4
0.05740875431021565,0.09099421170145215,6,3,4
0.08194165005422585,0.10023781086839935,6,3,4
0.11422378364657193,0.0991944098550075,6,3,4
0.07543355463793998,0.0788242312783469,6,4,4
0.12489593735307576,0.07234596610561148,6,5,4
0.07209628868781882,0.06568941640262475,6,6,4
0.16958955173509999,0.02337190192913137,6,7,4
0.14519390664373627,0.05483915780994792,6,7,4
0.15952965077190356,0.061186433183202764,6,7,4
0.10309067352775164,0.05422194523644144,6,7,4
0.1505918617186895,0.06589183738351068,6,7,4
0.14404083177411037,0.06469045021391494,6,7,4
0.14673636208650231,0.05236627722551937,6,7,4
0.1410943699600872,0.030411733800773215,6,8,4
0.1217027809102576,0.05251526412002684,6,8,4
0.14627738797482254,0.02564891795610138,6,8,4
0.13250074699945985,0.04339571739194063,6,8,4
0.14526830260931722,0.029309817700386664,6,8,4
0.12625729986236472,0.025110023937600586,6,8,4
0.0733381893381709,0.01749936047771371,6,10,4
0.11627665786555283,0.0014167564309121446,6,12,4
0.3985299124434838,0.5556686722391626,0,0,3
0.4661379248041494,0.9708743911313924,0,0,3
0.6836816192450053,0.46006537361882305,0,0,3
0.25741881565065683,0.9506913537743689,0,0,3
0.46576777503067335,0.527898739845433,0,0,3
0.6985324715929295,0.5625798939636816,0,0,3
0.7154770874669991,0.488589864567161,0,0,3
0.3011697907731753,0.6663747743380388,0,0,3
0.17046170123710036,0.9885041418397623,0,0,3
0.010322807346670793,0.4720085037165197,0,0,3
0.8808854665663454,0.18650005019353266,0,0,3
0.021291068071317643,0.018420686122294305,0,0,3
0.503220459445503,0.03559396375045721,0,0,3
0.9238114393348257,0.5795909255680366,0,0,3
0.9767780290918587,0.9794671475116807,0,0,3
0.7049114170914236,0.25399055296430606,0,0,3
0.904386641748217,0.32047941749359155,0,0,3
0.6932826611725338,0.6592221480020892,0,0,3
0.8470408776620699,0.42115130444759674,0,0,3
0.14629046599958562,0.07412156801627867,0,0,3
0.6286902200766914,0.183747881368669,0,0,3
0.2747571755774618,0.756602175092317,0,0,3
0.6691549854570248,0.9613356424004865,0,0,3
0.38279177360810523,0.9795933019538106,0,0,3
0.762865381714175,0.2942589373680411,0,0,3
0.47321383061716327,0.9461356817264993,0,0,3
0.9859125035090447,0.31941297642045696,0,0,3
0.749567946869561,0.20572275982934396,0,0,3
0.053860066835466625,0.42456052665134525,0,0,3
0.4935510973011178,0.26833182758667296,0,0,3
0.9080235058663731,0.0915164177153156,0,0,3
0.8180956893850859,0.080700481449972,0,0,3
0.7375714249030121,0.8833853683862142,0,0,3
0.955380674624677,0.08429675978509232,0,0,3
0.8512808254459071,0.8696314034191283,0,0,3
0.730911452400018,0.8588356178045258,0,0,3
0.5447504422343993,0.01364447991803086,0,0,3
0.03128405595727535,0.04449083167120315,0,0,3
0.19721573424880268,0.45946395854645294,0,0,3
0.5605950914709544,0.9836886909357172,0,0,3
0.3197683086520845,0.828359949315161,0,0,3
0.39821808844683115,0.917044776868,0,0,3
0.3491905430935205,0.3182844797879437,0,0,3
0.07948607406279418,0.05019827921354714,0,0,3
0.7338027326520211,0.7788497908219049,0,0,3
0.3993053868487876,0.691725030976337,0,0,3
0.8788794466969698,0.8117989826327402,0,0,3
0.8132190728327426,0.030740269942520437,0,0,3
0.5854386250096218,0.0560650351871258,0,0,3
0.1026654701764943,0.9921670714777197,0,0,3
0.2661404367666885,0.39131308878023197,0,0,3
0.8857253612921446,0.2373674817250716,0,0,3
0.978388573244276,0.5805154574606384,0,0,3
0.561857215965841,0.4295898626441197,0,0,3
0.21777589409631437,0.9195621005712518,0,0,3
0.06848374636272458,0.5501663286419154,0,0,3
0.35047653455912975,0.9913004698760157,0,0,3
0.3581987966169169,0.9692415242675958,0,0,3
0.9368339157842424,0.699522011863846,0,0,3
0.4619676534359711,0.28892965125560144,0,0,3
0.6789029839503509,0.5640955618044431,0,0,3
0.5743797603296709,0.9295607219899439,0,0,3
0.7440472169101975,0.28080530932754544,0,0,3
0.41011647060004397,0.38189918888355445,0,0,3
0.13097155052315482,0.9601389834972416,0,0,3
0.930227193753599,0.5447840653532819,0,0,3
0.7843552422856221,0.6114260201171141,0,0,3
0.26307578707371404,0.3209254191397186,0,0,3
0.6506104587024983,0.44775708495750566,0,0,3
0.5953898700604409,0.6894209358217677,0,0,3
0.4771862208857325,0.037885093831614536,0,0,3
0.12274558572948602,0.2659367034163853,0,0,3
0.1541413220896779,0.9525732449810271,0,0,3
0.17410918903656658,0.12681793762452398,0,0,3
0.1197591722121395,0.522815874368621,0,0,3
0.5095143805215522,0.8486136395448178,0,0,3
0.8787685278937512,0.2934314183908504,0,0,3
0.15175728804011313,0.23049371887316072,0,0,3
0.116473469509487,0.6432804025510259,0,0,3
0.8798030694048011,0.6079752390610246,0,0,3
0.30544254534703996,0.46481993345288664,0,0,3
0.8733341337006667,0.4404952006505516,0,0,3
0.5822515048899364,0.5091779432087142,0,0,3
0.6622766423234,0.694911790129279,0,0,3
0.9853299359166369,0.0003075804949544958,0,0,3
0.5447322734075659,0.1551930871226378,0,0,3
0.8135139144614543,0.8732430204057902,0,0,3
0.5530092362805189,0.8839816403620844,0,0,3
0.5590852709758325,0.4837971505325154,0,0,3
0.019080195147812007,0.32470465533612225,0,0,3
0.45136482380707554,0.8185448728986273,0,0,3
0.43778822422199404,0.15491975774477063,0,0,3
0.5935124367778017,0.2229419580875428,0,0,3
0.4704080571391309,0.7321003554927021,0,0,3
0.3176215211533514,0.34801373447707595,0,0,3
0.5507412257557758,0.2462685427210478,0,0,3
0.5995470480045553,0.4874580900374247,0,0,3
0.7164834949043654,0.2873807189088824,0,0,3
0.9556088130698545,0.8134184676753808,0,0,3
0.16373945813969926,0.4949870166299818,0,0,3
0.27634904420955264,0.8836510310609863,0,0,3
0.618091649783933,0.7454933099714527,0,0,3
0.04269362142457933,0.30103749004510516,0,0,3
0.5341137471633766,0.457341089659999,0,0,3
0.28785652651697724,0.06393804989883267,0,0,3
0.3298370453765349,0.2635697144933883,0,0,3
0.005819457972251474,0.3343448074968227,0,0,3
0.8862903436441164,0.7627463604309068,0,0,3
0.9863694050090757,0.6182855424750929,0,0,3
0.3744847906659404,0.9225537202444429,0,0,3
0.7852771892463506,0.6611184982355479,0,0,3
0.3386951547547852,0.25622073115973376,0,0,3
0.10402623974225333,0.7015142358426929,0,0,3
0.6046680649146748,0.41654363827905205,0,0,3
0.15095642672820841,0.23441758259496592,0,0,3
0.6923546632952043,0.30594133681555336,0,0,3
0.43291526529394053,0.21315409616420478,0,0,3
0.4964979855267372,0.22272376358264456,0,0,3
0.9043306848583957,0.9189798953695911,0,0,3
0.3970463924073119,0.7543443049144938,0,0,3
0.7528612262638134,0.8320579039311288,0,0,3
0.15166934604792603,0.7272283340648185,0,0,3
0.03658094954134184,0.7441231682287219,0,0,3
0.9480276086422483,0.2756116548660752,0,0,3
0.6992358542686715,0.04969156703274469,0,0,3
0.7931700912431183,0.1987389375303893,0,0,3
0.7037477110196652,0.04928133941767542,0,0,3
0.8142287413667268,0.42316121143603735,0,0,3
0.7378511217130492,0.7537735216103002,0,0,3
0.24902746396167041,0.27687807756983507,0,0,3
0.060691884298362475,0.24334251798382778,0,0,3
0.39911827566069125,0.23805136129095497,0,0,3
0.3663282207409446,0.07542461446850356,0,0,3
0.8345578527620097,0.4669768724373943,0,0,3
0.9857771826509908,0.45941707310821067,0,0,3
0.41234958027087343,0.9823759291487696,0,0,3
0.3493802174532643,0.4646272994538104,0,0,3
0.6910426536931664,0.15542983062829074,0,0,3
0.9798889566906225,0.3776601214330262,0,0,3
0.2747024012931759,0.6165913114369416,0,0,3
0.27346870200242046,0.5194427554023241,0,0,3
0.10817394397167701,0.9322748714509772,0,0,3
0.04565346991310171,0.8963653981115735,0,0,3
0.6887453963160672,0.7919207062736324,0,0,3
0.8531508049529852,0.10755937240743174,0,0,3
0.6625031308946597,0.01230132148875429,0,0,3
0.003185785856502754,0.22180351928342557,0,0,3
0.2774800509635028,0.5158470324618573,0,0,3
0.6535434249134109,0.8088390433087068,0,0,3
0.2831761795429082,0.9583334164156733,0,0,3
0.06081752734151069,0.4671841609120525,0,0,3
0.5183455268824491,0.01183516625702774,0,0,3
0.8306575783733295,0.3591851856973569,0,0,3
0.5349165396865769,0.627645089078911,0,0,3
0.5475483337852691,0.8487185591458776,0,0,3
0.8268721157103746,0.6139908313430816,0,0,3
0.02702952867963171,0.4733017670050498,0,0,3
0.43954849211140523,0.31856931048117787,0,0,3
0.9823612484057496,0.5313659245006839,0,0,3
0.7849859759133537,0.15138013736640965,0,0,3
0.23874577480140569,0.8563489793443289,0,0,3
0.12584527333198325,0.40173035264390433,0,0,3
0.08056065865292872,0.6630612110748866,0,0,3
0.9890312452691017,0.24007304507454008,0,0,3
0.5304342123789563,0.0822741010769431,0,0,3
0.12614967788934117,0.017721695324129705,0,0,3
0.13370275626098838,0.1822294760956943,0,0,3
0.34400631860017317,0.12849095643717415,0,0,3
0.8365514442060182,0.9081173281431772,0,0,3
0.9675145466160445,0.8268152121747777,0,0,3
0.0709046096580106,0.7764717217381053,0,0,3
0.9122654934081107,0.3982817686106066,0,0,3
0.6568175115103991,0.8687618068265603,0,0,3
0.33472047473562405,0.33601854573410095,0,0,3
0.11185503347653492,0.6642589032083936,0,0,3
0.6795135726578054,0.29812427458117563,0,0,3
0.2317707029163213,0.5195503956243798,0,0,3
0.6204903034131622,0.03307820823996855,0,0,3
0.4735663642481255,0.1329770694733301,0,0,3
0.9392853432032627,0.5519062490029664,0,0,3
0.13366457139754717,0.7380771389890388,0,0,3
0.4509900930804024,0.5983439033675036,0,0,3
0.3975075443089381,0.709193937969189,0,0,3
0.05626213627075227,0.5663727802339665,0,0,3
0.49143797290450364,0.8896804034063274,0,0,3
0.8606777991211512,0.5564179060857621,0,0,3
0.613432886427985,0.7535450534512781,0,0,3
0.8005540272344863,0.95720250533564,0,0,3
0.6693335551287335,0.43726926221339424,0,0,3
0.38111610367622695,0.18256500628144345,0,0,3
0.5439061231083911,0.25371210166248614,0,0,3
0.7400835657841632,0.2612554301468475,0,0,3
0.27709685222939673,0.024915691528044515,0,0,3
0.111979645510912,0.9379787778861419,0,0,3
0.03505471227607271,0.47477910005646506,0,0,3
0.927298084512977,0.8247572302522687,0,0,3
0.9756020122986968,0.3482729947695291,0,0,3
0.9281247196305054,0.3977799623717613,0,0,3
0.5550625189353344,0.7463502987325968,0,0,3
0.14505162889384016,0.04370742901647795,0,0,3
0.21919375947834507,0.29042784370109764,0,0,3
0.8757566506363397,0.9476875030153429,0,0,3
0.2312699397813579,0.5927781326176159,0,0,3
0.8856979950114902,0.9838360518251453,0,0,3
0.04700904952307805,0.2575306322163896,0,0,3
0.5052340414070284,0.6187517742142915,0,0,3
0.11438215606953228,0.9260470740675435,0,0,3
0.3131562838841986,0.3623507919794987,0,0,3
0.5351530478501707,0.6329317513955048,0,0,3
0.34622025610081675,0.9366932114319938,0,0,3
0.8608860631089963,0.10808929179074278,0,0,3
0.8213071413587714,0.9770281038557064,0,0,3
0.5870838332752821,0.3335312438456318,0,0,3
0.014911331001216999,0.007393227232738497,0,0,3
0.17492650494234163,0.8386035225809219,0,0,3
0.601653074784009,0.37728121931173464,0,0,3
0.11519088837007962,0.7218873727626127,0,0,3
0.24266202519054636,0.7213453478168523,0,0,3
0.6009490166756455,0.7043752819982796,0,0,3
0.701719642976291,0.8979099036232636,0,0,3
0.5389559354410274,0.4585235637351376,0,0,3
0.05707729189793309,0.410786817151924,0,0,3
0.5004905962270044,0.8344442658789992,0,0,3
0.05703739653871898,0.17711877391816874,0,0,3
0.9201167417132281,0.26768438655565796,0,0,3
0.5250356890922997,0.48349580214477006,0,0,3
0.7247605530873512,0.2471225037942414,0,0,3
0.9727716338858448,0.1008225310126255,0,0,3
0.24160285433190898,0.8120607056472428,0,0,3
0.050425416418089515,0.4930310779843978,0,0,3
0.6436889183245907,0.7623636792696413,0,0,3
0.5614414364219519,0.6141771372766266,0,0,3
0.697738498969569,0.3142961537188369,0,0,3
0.2922139030848009,0.7092013672015284,0,0,3
0.1540831364612396,0.42410579783766633,0,0,3
0.2467067751496791,0.014936591989823554,0,0,3
0.8899054153670467,0.852021258285422,0,0,3
0.06313427830410767,0.256497748864033,0,0,3
0.9936969149258018,0.4820237633878939,0,0,3
0.3909597794129518,0.40316795560667495,0,0,3
0.17897744980826757,0.8408419443193517,0,0,3
0.6028503534391506,0.2267181340533423,0,0,3
0.5365531994137542,0.866812434521978,0,0,3
0.592357411244188,0.2928732428857205,0,0,3
0.00685901477849149,0.6713460416434464,0,0,3
0.5042996234392364,0.8216146887796344,0,0,3
0.3507454670232705,0.2836198200446225,0,0,3
0.4109346362061236,0.20625844431031282,0,0,3
0.5220140512617031,0.5876947088038232,0,0,3
0.5217282286973558,0.3901508935400214,0,0,3
0.22059570645674909,0.5720053295929942,0,0,3
0.889848373198109,0.2389924534262785,0,0,3
0.8713195163138142,0.034450911524783856,0,0,3
0.09002435633026351,0.5423020201022728,0,0,3
0.40444373979748605,0.5767903096158427,0,0,3
0.9708963210139128,0.5518551164229416,0,0,3
0.09118571501087958,0.10796227508254608,0,0,3
0.7975194400551758,0.09144925701031703,0,0,3
0.1978923794476135,0.5082672354399229,0,0,3
0.10260525963737854,0.24536513752081157,0,0,3
0.4395849639606262,0.43805270120072426,0,0,3
0.010358277545401308,0.0481571589232731,0,0,3
0.35953005789912595,0.5997430725359678,0,0,3
0.27898551206576283,0.9746784243760546,0,0,3
0.023787060037260725,0.4577700142899311,0,0,3
0.8480348790925532,0.7763892302611226,0,0,3
0.9521274806819763,0.01886750054889696,0,0,3
0.5585903531233131,0.7725521514162813,0,0,3
0.30563292894757643,0.5139164553729597,0,0,3
0.45369625015407244,0.24565858804567797,0,0,3
0.1816517479992984,0.6671151448285356,0,0,3
0.20216635512125614,0.03364247395434261,0,0,3
0.25391414523455824,0.9400910790474439,0,0,3
0.9138727439554362,0.42005345530012506,0,0,3
0.13564172849831269,0.8213198727650385,0,0,3
0.17993310424796816,0.5480433073777895,0,0,3
0.09816204769306947,0.5386040992332394,0,0,3
0.05158609444461393,0.7460940614510073,0,0,3
0.34127584895326046,0.44501489599550326,0,0,3
0.33513230218405343,0.828588773419903,0,0,3
0.8153262942914317,0.7960813877087073,0,0,3
0.9242696156632889,0.3933926574393519,0,0,3
0.5670591399180839,0.8276898521256997,0,0,3
0.6913150433360331,0.7219549866700347,0,0,3
0.3266538003710727,0.3050175911231938,0,0,3
0.7102380452900457,0.9831568014707465,0,0,3
0.9628017305292742,0.3314441652895075,0,0,3
0.7205016674190683,0.4345688829443206,0,0,3
0.853390557557453,0.5889765446157572,0,0,3
0.1529438476505237,0.3248980341809323,0,0,3
0.8741225048535249,0.7932548442685593,0,0,3
0.17927511904068172,0.030424252303178245,0,0,3
0.9022864485771953,0.3199386079969121,0,0,3
0.7563692214296198,0.07159009806507854,0,0,3
0.06066870097793186,0.636562737997949,0,0,3
0.12828084509469073,0.576104552424439,0,0,3
0.6314083338385049,0.9875782346073927,0,0,3
0.956904325668219,0.5690872210570435,0,0,3
0.8746365118443968,0.8769470472268861,0,0,3
0.502766172500282,0.11742076185000627,0,0,3
0.7431044409739772,0.22462971515737717,0,0,3
0.8986706547908768,0.5421574624319585,0,0,3
0.5412378745331532,0.005798183197351925,0,0,3
0.4337270276351808,0.49823901052244013,0,0,3
0.7482933380724265,0.5969768131384395,0,0,3
0.4696151959407442,0.41607111268927666,0,0,3
0.2400400170278868,0.07894881898513284,0,0,3
0.861765052072172,0.790037310176202,0,0,3
0.35197095045805205,0.6648110758655065,0,0,3
0.6289773423651464,0.650297665225661,0,0,3
0.69064853986338,0.9581611940815634,0,0,3
0.3463280433348105,0.31336157747246907,0,0,3
0.969976149970436,0.4064817326209793,0,0,3
0.5420702745638825,0.251876826059395,0,0,3
0.8163053970340609,0.015616489274546064,0,0,3
0.735111005794051,0.7716451133496172,1,1,5
0.7790889936524715,0.7666227656796802,1,2,5
0.7780511364073859,0.7609586316239435,1,3,5
0.8002905319961455,0.7424730841044463,1,3,5
0.7851066280636969,0.7540784592966516,1,3,5
0.768544644945382,0.7492216070203922,1,3,5
0.8191972246131527,0.7714779176993157,1,3,5
0.7957666435993945,0.7735023557232348,1,3,5
0.804510852357052,0.7396193393825059,1,3,5
0.7984767159848054,0.7586022331434188,1,4,5
0.797846766074644,0.7510836161200853,1,4,5
0.7760192353447134,0.761050866870798,1,4,5
0.7582644647493596,0.7562192411547036,1,4,5
0.7874452173593256,0.7107535492985586,1,5,5
0.7931269530244182,0.7057259609015741,1,5,5
0.8042836867828396,0.7158769876571874,1,5,5
0.7850483412822774,0.6523567262800852,1,6,5
0.8127483516051044,0.6543459311359483,1,7,5
0.8203215123651858,0.6769373533094518,1,7,5
0.8460618519489591,0.6443463696183368,1,7,5
0.8372101523856944,0.6752559848378485,1,7,5
0.8408640476845896,0.6171059496462178,1,8,5
0.8554895827119418,0.609803119015406,1,8,5
0.8549812493760326,0.6175604172313472,1,8,5
0.8419302220807331,0.6188173489390645,1,8,5
0.8729034703121026,0.6180265511152484,1,8,5
0.8860243498003191,0.6231239125776811,1,9,5
0.8953394617147891,0.6312195800399985,1,9,5
0.8957918791836298,0.6318926824432136,1,9,5
0.8967899908026886,0.6299166540881399,1,9,5
0.8911960000211545,0.6392391171428913,1,9,5
0.9160209758138477,0.6201064561638959,1,9,5
0.8817821402993911,0.6384798909951045,1,9,5
0.9113254931614599,0.615854408434435,1,9,5
0.8974336460819733,0.6334640555477604,1,9,5
0.9051012821336191,0.6682196646607426,1,9,5
0.9070828626339594,0.6105244571020991,1,9,5
0.8626842128183423,0.6272287726587967,1,9,5
0.8985337562313568,0.6244769589993215,1,10,5
0.9102117343206494,0.601550739539077,1,10,5
0.901209471963795,0.6383664561791542,1,10,5
0.9384945933819254,0.6308274773332848,1,10,5
0.9277723922330405,0.6287966665858292,1,10,5
0.9263691988703958,0.6288836038811471,1,10,5
0.9013846515382417,0.6184998769527531,1,10,5
0.9223999249411097,0.5941118552684735,1,11,5
0.9611484036605379,0.6449895004892885,1,12,5
0.9528943482660174,0.62434157262095,1,12,5
0.9491072521480349,0.6349299355476061,1,12,5
0.9563605343189121,0.6516353539866846,1,12,5
0.7848822567059758,0.855753053680616,2,1,5
0.7964725098762483,0.8829925591397965,2,1,5
0.773400171788085,0.8776716649669235,2,1,5
0.7795270766459638,0.9098545297433518,2,2,5
0.7902665770454682,0.9340884318059101,2,2,5
0.7894617063882741,0.943239469581925,2,2,5
0.8082162325377422,0.9428756600261116,2,2,5
0.7628634789529896,0.9563044507051874,2,2,5
0.7934390887252104,0.9564912151305127,2,2,5
0.7772989821325209,0.9298200969667991,2,2,5
0.8006374372704224,0.9288052803181142,2,2,5
0.7916786794803511,0.9335103640212202,2,2,5
0.7793979071370835,0.912784061435043,2,2,5
0.8081235596865405,0.9132952970269899,2,3,5
0.8092021184717503,0.8648410936725996,2,3,5
0.7856557926890904,0.9084086814844652,2,3,5
0.7587316056800676,0.878435512495947,2,4,5
0.7590416255921568,0.9130641615728,2,4,5
0.7308072041220629,0.9072668963111058,2,4,5
0.7341530419809448,0.9028903309926004,2,4,5
0.7548088562002444,0.8960372918274859,2,4,5
0.7672525669393728,0.9006568252496958,2,4,5
0.7605210882348404,0.8956019752741147,2,4,5
0.76507007485375,0.9008726833885292,2,4,5
0.7715772611699255,0.9065969401932542,2,4,5
0.7544671251352266,0.8610960041656829,2,5,5
0.7736285200019268,0.877118325594007,2,5,5
0.7757062010409764,0.8710744204493507,2,5,5
0.768090089006648,0.8584352147198306,2,5,5
0.7455534880615167,0.8863435150828077,2,5,5
0.7130268705063716,0.8270239810264258,2,6,5
0.7136970064769235,0.8385003539571649,2,7,5
0.6699732296295705,0.8173435566984445,2,7,5
0.6779761706597528,0.847596691763427,2,7,5
0.7116660562441008,0.84340273186222,2,7,5
0.6673161159859646,0.8425854593830843,2,7,5
0.7216778047470459,0.799936142286832,2,8,5
0.690968781283292,0.7785109006824401,2,8,5
0.7330203363659347,0.8082738648858091,2,8,5
0.7431382740359612,0.7959306641720255,2,8,5
0.7446672140259162,0.7916971716651467,2,8,5
0.7265873057093539,0.7923655507224503,2,8,5
0.709395305828517,0.7991074718234054,2,8,5
0.7133796722707575,0.7750112495373112,2,8,5
0.7241471481720578,0.7818824845134579,2,8,5
0.7525386457751446,0.8284430658668613,2,9,5
0.7794268324519521,0.8398214084461311,2,9,5
0.7388483112471315,0.8123175720430782,2,10,5
0.7282729899363568,0.7774557037012018,2,10,5
0.7762485686725862,0.789003928775088,2,10,5
0.7333893323707505,0.7854985437066132,2,10,5
0.7784371087201568,0.8054701540938737,2,11,5
0.7657198696988351,0.8416456048376268,2,11,5
0.7635179675207833,0.7935329208653447,2,11,5
0.7717519575078616,0.8059758188108128,2,12,5
0.7886148938133283,0.8104523147210154,2,12,5
0.7866773038461516,0.7932988833916049,2,12,5
0.788109091451972,0.8228212502981234,2,12,5
0.8412766777736735,0.8118101089421844,2,13,5
0.8475084348039051,0.8157143820411674,2,13,5
0.8488327944073526,0.8317679283355677,2,13,5
0.8075193897050882,0.7974333730374948,2,14,5
0.8133254934330367,0.7856065450847409,2,14,5
0.8389049938819045,0.7912944487637179,2,14,5
0.8175792294789794,0.8027024204347397,2,14,5
0.8214090196482009,0.8001842821476641,2,14,5
0.8348193983693609,0.7705433738115209,2,14,5
0.8433878959096301,0.7940055083226211,2,14,5
0.8045244179601856,0.81999215145673,2,14,5
0.8018728982105724,0.7810626366162524,2,14,5
0.8562369152467862,0.7795294664832315,2,14,5
0.6630746990302273,0.2940664767086042,3,1,5
0.6930629019534343,0.27990581775548357,3,1,5
0.668824282947253,0.255661701778536,3,1,5
0.689567388262954,0.26892857388269775,3,1,5
0.6509944698171098,0.29201399940773193,3,1,5
0.6381549413572435,0.2544827372380206,3,1,5
0.683173045091187,0.265789416645015,3,1,5
0.6847976323220888,0.26603824290640893,3,1,5
0.6632910800094063,0.2868666294959914,3,1,5
0.6782458717434111,0.28206523807010847,3,1,5
0.6396527994103114,0.3154549788922406,3,2,5
0.6399042031385809,0.2839319006749522,3,2,5
0.6469041714303736,0.30197880906637,3,2,5
0.6303885700177497,0.2960282156431758,3,2,5
0.6185780165514634,0.2753085162016967,3,3,5
0.6508782787960926,0.26354953987675317,3,3,5
0.631279923885379,0.277913049257017,3,3,5
0.6299383495391185,0.2633273914636656,3,3,5
0.6448226192601582,0.2789520448857447,3,3,5
0.628527530310299,0.29836466766909,3,3,5
0.6036289405948733,0.2867223489910696,3,3,5
0.5764836229840478,0.21940184966473783,3,4,5
0.5933887004418151,0.2782507102469103,3,5,5
0.5737296361781159,0.262601702501824,3,5,5
0.5869690894841227,0.29283387804148653,3,5,5
0.5987574501480925,0.2710719099788922,3,5,5
0.5679571386222628,0.2716416343120023,3,5,5
0.5875545764668815,0.2830732080688395,3,5,5
0.6181831424276565,0.28078001294920085,3,5,5
0.5934802524850872,0.2650797654019845,3,5,5
0.5936387933810932,0.25362672982157164,3,5,5
0.5865952448083075,0.2851397746614201,3,5,5
0.5999903795861591,0.2558801322234645,3,6,5
0.582460994485904,0.2594116757394791,3,6,5
0.5459578952779649,0.3109184972790384,3,7,5
0.4972037009112226,0.22472222673136893,3,8,5
0.5257877603126008,0.2205940053418963,3,8,5
0.4994807523138717,0.23315768755183514,3,8,5
0.5051911598045972,0.24232245844224712,3,8,5
0.8919339720772964,0.3514944465055229,4,1,5
0.8530702259349616,0.33897505186130356,4,2,5
0.8720805948738334,0.3637010782290559,4,2,5
0.8549912096522485,0.3755908390560413,4,2,5
0.8492420637318656,0.371526632057327,4,2,5
0.8744092105159862,0.41436003248816733,4,3,5
0.879856911888837,0.3833364972484834,4,3,5
0.8192269163779087,0.3826394772706846,4,3,5
0.8959391574896312,0.38079753568988783,4,3,5
0.8740931813425439,0.42977215484629677,4,4,5
0.8492217665308299,0.4147120253397798,4,4,5
0.8697380172538534,0.4187374142953074,4,4,5
0.7962418385626877,0.40826482606513836,4,5,5
0.7962717298788469,0.40053814012302114,4,5,5
0.8143068123637647,0.4321209136713181,4,5,5
0.83520844579903,0.3791697106973352,4,6,5
0.830490827805145,0.39488483241535033,4,6,5
0.8237205685224019,0.38958137329000847,4,7,5
0.817754209898196,0.3613511467652028,4,7,5
0.782007851603072,0.3326816244788931,4,7,5
0.7987128250805022,0.3422325110926239,4,7,5
0.7848776777764109,0.3737763717998078,4,7,5
0.7791938575424157,0.38686497103032463,4,8,5
0.7696716399414005,0.34327460058620607,4,8,5
0.7415615358831161,0.3755587044200891,4,8,5
0.7645200381026481,0.3602536408255409,4,8,5
0.7477313788020105,0.38186444642114487,4,8,5
0.7439489214098864,0.3654043956636147,4,8,5
0.42043158382831103,0.42473008994304845,5,1,5
0.3989991385907018,0.4328466815959796,5,1,5
0.4078843124981789,0.44048504433175073,5,1,5
0.4041389694891057,0.4271866694906317,5,1,5
0.3909686946698884,0.41273625348955684,5,1,5
0.4130958513070006,0.42356428142833347,5,1,5
0.39928338786375955,0.43325159742562863,5,1,5
0.3761358418693272,0.4222738994987974,5,1,5
0.4071912574250506,0.41737746259937564,5,1,5
0.4432574466677585,0.3955661925877218,5,1,5
0.39836272353133145,0.465701383948576,5,1,5
0.40793132699067863,0.43525549718876516,5,1,5
0.4085747539925315,0.42460111631895575,5,1,5
0.4057895430810125,0.40581094610378987,5,1,5
0.40332173825678075,0.41961089914747807,5,1,5
0.41934940860369657,0.44531450194694877,5,1,5
0.3946197956881187,0.43974982857206907,5,1,5
0.33644031545375386,0.4194229922747833,5,2,5
0.3351590855789116,0.4278135717739864,5,2,5
0.35397876637457587,0.44288366839622373,5,2,5
0.35457345941964524,0.4475084019358962,5,2,5
0.3624268838718935,0.42511946206950835,5,2,5
0.3691283628174162,0.41976659019931845,5,2,5
0.3339930147870472,0.4309924636135684,5,2,5
0.3478801351845145,0.41324730861892267,5,2,5
0.3223051819334348,0.4426676253315983,5,2,5
0.3733822448728349,0.44327467384017993,5,2,5
0.3466203488274849,0.4408559489453665,5,3,5
0.37030813476097285,0.4210961404319062,5,3,5
0.3531753317799765,0.4425091894050024,5,3,5
0.3665133287716508,0.4480787407084581,5,3,5
0.3552908855269098,0.43746364961096773,5,3,5
0.38000619429632504,0.4787448253717147,5,3,5
0.3224820690169345,0.44702143069858347,5,3,5
0.3691645748307241,0.447775138778167,5,3,5
0.39628318485573377,0.44151854396357554,5,3,5
0.38338948339657714,0.45708040772637276,5,3,5
0.36452629257766617,0.4386541979384945,5,3,5
0.36289906132219185,0.4591868899066854,5,3,5
0.36742366093961787,0.45757579955139116,5,3,5
0.33911416844071585,0.44077144397568,5,3,5
0.3573370441880499,0.4621574278131678,5,3,5
0.3903655576652559,0.45056485517267636,5,3,5
0.41223551265717073,0.4165635235896378,5,4,5
0.3990571439585127,0.4501033912754917,5,4,5
0.3685343983996976,0.43928630693814763,5,4,5
0.38071566108272853,0.4455984611576645,5,4,5
0.40191823848609654,0.4468545164524782,5,4,5
0.37701819209599835,0.4411772477128893,5,4,5
0.36396196885491755,0.4708577919008017,5,4,5
0.4037312085700204,0.4563437577020894,5,4,5
0.41181513882863663,0.45753042257503895,5,4,5
0.3636535266094495,0.436407980382606,5,4,5
0.4104412436125568,0.4789851142683817,5,5,5
0.4047222964461582,0.42148442744675374,5,5,5
0.4066935273988526,0.3675747062697122,5,6,5
0.3897667228274065,0.4183182551171469,5,6,5
0.4041482694021415,0.4192977413395617,5,6,5
0.42351419326679085,0.4016359243814749,5,6,5
0.38151028590774366,0.3911784903870116,5,6,5
0.421315238717791,0.39022430809847836,5,6,5
0.38844689391223314,0.41742916978421635,5,6,5
0.41818315152211266,0.41820714209961485,5,6,5
0.42420423771561927,0.40895148294077044,5,6,5
0.3693530607180877,0.38556529129425465,5,6,5
0.4153799679318828,0.37968420112077467,5,6,5
0.4091906699147047,0.3978780870242272,5,6,5
0.3824277869993971,0.4004307030325858,5,6,5
0.3907197441148367,0.4271418324860122,5,6,5
0.42207377101321175,0.43077106504360085,5,6,5
0.40435441281369267,0.3851247510857574,5,6,5
0.3855583422060398,0.4012868067338564,5,6,5
0.40327777674404314,0.4214717068676636,5,6,5
0.40989058015694446,0.43168616310777735,5,6,5
0.46788896279857406,0.3787332973002003,5,7,5
0.46681357245924987,0.42804365624532725,5,7,5
0.4902714379518076,0.3794411582189947,5,7,5
0.46256691601279315,0.41662470486522013,5,7,5
0.46220371701731466,0.3872208658736918,5,7,5
0.4496010512231246,0.42480248121433517,5,7,5
0.48445147574228536,0.4282553737302289,5,7,5
0.45825413648443347,0.393132470311888,5,8,5
0.4581429063880672,0.3907101240142785,5,8,5
0.4706545734455808,0.38402682074430616,5,8,5
0.43775050414337685,0.4062117132266325,5,8,5
0.47951263622752843,0.3712941726334097,5,9,5
0.472469388456347,0.3896658925763116,5,9,5
0.47327054706963256,0.3695440051053154,5,9,5
0.443732304827104,0.39026019497886744,5,9,5
0.48455545882520334,0.38638702583554385,5,9,5
0.518394559687329,0.4197004659716219,5,10,5
0.5049175693157669,0.4061474792916462,5,10,5
0.4927783326076657,0.4358938699830227,5,10,5
0.49922591620171675,0.41881382952414387,5,10,5
0.48482330125289674,0.41632505022455385,5,10,5
0.5157002805482707,0.43944789744986923,5,10,5
0.5254909126203481,0.39599866816345475,5,10,5
0.4922304305024305,0.4108962393589708,5,10,5
0.4915145811096835,0.40167149693710263,5,10,5
0.5081396501144693,0.4198288315110436,5,10,5
0.4956338852468277,0.40586615798357195,5,10,5
0.46990796468293,0.40197026112466333,5,10,5
0.500921936420486,0.43937212796789094,5,10,5
0.4996520916061655,0.3975964958339029,5,10,5
0.48624098113746295,0.4253417153371927,5,10,5
0.49423343634795147,0.4276636521869424,5,10,5
0.4848711533976141,0.39379184678385293,5,10,5
0.5339785914740728,0.3798360478265075,5,10,5
0.5099611968677895,0.43884423210740575,5,10,5
0.5093539730890252,0.39554058067088255,5,10,5
0.5065268896168668,0.3984162185909495,5,10,5
0.499082862367172,0.42500993326244213,5,10,5
0.47998476319202904,0.41388860465677013,5,10,5
0.5150931751676162,0.3886784345027154,5,11,5
0.5483679495889656,0.3856274479189833,5,11,5
0.527940833544905,0.3713401037450886,5,11,5
0.5944673878391462,0.36350831585480525,5,12,5
0.5451944508888499,0.2693628088675792,6,1,5
0.5630896830022217,0.29307105300875985,6,1,5
0.5471309994154085,0.28899795907105913,6,1,5
0.534539869639408,0.25504267053855756,6,1,5
0.5664146245948368,0.24920017019434143,6,1,5
0.5940098472250925,0.22971477436999907,6,2,5
0.5799728194066339,0.25626988458507555,6,2,5
0.603458172431658,0.2506010597098576,6,2,5
0.5621070219134957,0.2304336535343773,6,2,5
0.5895077013281065,0.2420558191930976,6,2,5
0.5486626664118607,0.2783719587117116,6,3,5
0.5317281891488762,0.22169890727941235,6,4,5
0.5315998643007694,0.23755825342265086,6,4,5
0.5085119660763971,0.2425255279455685,6,4,5
0.5199866938104188,0.23221216995631383,6,4,5
0.5172609857840931,0.2382582757190022,6,4,5
0.5487026634546025,0.21983859417503798,6,4,5
0.5132394705189123,0.2577213676477635,6,4,5
0.5081125527621078,0.22498802703181597,6,4,5
0.5267594567866711,0.22817161634108832,6,4,5
0.4578713474503996,0.2609834867679593,6,5,5
0.4643946119660897,0.24227235744135,6,5,5
0.47399287306973187,0.25871530726829894,6,5,5
0.48284146652578075,0.2389443628274411,6,5,5
0.4674901312921466,0.2545082980433215,6,5,5
0.4594945567207703,0.2436028256618804,6,5,5
0.46180272807061734,0.24083025183136153,6,5,5
0.4936883524686825,0.25361363258394326,6,6,5
0.4682805173618148,0.22004155644328055,6,6,5
0.5276684736267027,0.21641500495442278,6,7,5
0.5122005863095512,0.21672921842306977,6,7,5
0.5480129812369052,0.20863874409731797,6,7,5
0.5174997922438885,0.24174526877532987,6,7,5
0.5203152613340508,0.17869653379326064,6,7,5
0.5328283237473617,0.22830727572254633,6,7,5
0.5334850009251781,0.20373940395742315,6,7,5
0.5287490448054499,0.20859505470021922,6,7,5
0.5328183163634119,0.21661761103703045,6,7,5
0.5209304771830443,0.24223003276602464,6,7,5
0.5302726426826175,0.21642700519438013,6,7,5
0.5619122183716583,0.19868027653603781,6,8,5
0.5640990498456965,0.20719952374441725,6,8,5
0.5844094602878511,0.19661930840829922,6,8,5
0.5464844468554734,0.19459153211970562,6,8,5
0.5603508636995549,0.15832140736178912,6,8,5
0.573658346415279,0.16592477616082096,6,8,5
0.5518650303833207,0.17457402208210177,6,8,5
0.6043782529272022,0.1815694916946295,6,9,5
0.5811660100248314,0.21094383542411085,6,9,5
0.6138219892580353,0.1943540162020798,6,9,5
0.5753748105774144,0.1823025001089608,6,9,5
0.6015928262025902,0.1786875464279817,6,9,5
0.6151324188404569,0.1894777249967372,6,9,5
0.6121891774475895,0.18247514194861647,6,9,5
0.5673181981710971,0.19903098067122552,6,9,5
0.593308236954103,0.21991184695812963,6,9,5
0.6012430603299068,0.187226289833844,6,9,5
0.5667482984265725,0.19532157787988946,6,9,5
0.5875609261594277,0.18565016699830644,6,9,5
0.5981433911846711,0.20064797169763057,6,9,5
0.5581237132394794,0.17237739429122576,6,9,5
0.5867361770412736,0.22310168837684932,6,10,5
0.6055391673087065,0.2164386738933115,6,10,5
0.6014258393940523,0.2204490614398611,6,10,5
0.5971159699618441,0.2476156744092375,6,10,5
0.6257410546288783,0.2138687237983967,6,10,5
0.5979679113573263,0.22856216881762595,6,10,5
0.6037265568989665,0.21219654159637244,6,10,5
0.5959772472079647,0.2353292170089872,6,10,5
0.6078975091015008,0.19704684176158713,6,10,5
0.6052630369406301,0.2335105314049184,6,10,5
0.5805918246376682,0.2291770807827243,6,10,5
0.6309419797799745,0.23971381148251777,6,10,5
0.5994872662230591,0.22794724945210867,6,10,5
0.6040830203524251,0.22206554200436346,6,10,5
0.6245776550800349,0.22999131751842947,6,10,5
0.6126574796283866,0.28399145586992997,6,11,5
0.36407601615056295,0.17617602480490901,0,0,4
0.9886213319011007,0.6004501811557316,0,0,4
0.33282920400223914,0.6318801660532566,0,0,4
0.4099925371691211,0.2539347288474263,0,0,4
0.45937374768280426,0.6655143835090555,0,0,4
0.3574904468154987,0.051502764467900475,0,0,4
0.7488584631508125,0.3779733572357137,0,0,4
0.9297542995695095,0.13850056184177706,0,0,4
0.48972451583393717,0.2469632147116333,0,0,4
0.5756991428450082,0.06361034602007953,0,0,4
0.5938378982246494,0.9061037442039935,0,0,4
0.517191103317005,0.2552335995680761,0,0,4
0.27345007111521824,0.24446594627331153,0,0,4
0.03637466177900772,0.3168817680256988,0,0,4
0.5246102177614507,0.8622628919304179,0,0,4
0.6426782901791633,0.7172040778526977,0,0,4
0.33237018060062185,0.11975382023478476,0,0,4
0.20366567551172532,0.09458276210860972,0,0,4
0.8548203084866534,0.5851220075312564,0,0,4
0.3202282528514537,0.6059691397385193,0,0,4
0.6039395500685698,0.6936363731220485,0,0,4
0.6277447533313074,0.26838906783359984,0,0,4
0.17843636260024698,0.49698637530592416,0,0,4
0.7146729020554821,0.8777448253385164,0,0,4
0.2967978082797327,0.6696110339098021,0,0,4
0.2688567260050917,0.2990736411546049,0,0,4
0.927541685382273,0.378157321102648,0,0,4
0.059527084590971446,0.9509564210932504,0,0,4
0.9060820978581152,0.030795124861579422,0,0,4
0.6577674880183643,0.7524496069788676,0,0,4
0.7871201715709243,0.06348545566842312,0,0,4
0.28228669239537196,0.7915972133723166,0,0,4
0.8561564243015674,0.12382860242118687,0,0,4
0.6024187436151881,0.19465470584793043,0,0,4
0.975627431389662,0.5780196483940296,0,0,4
0.9004259122277838,0.39600887373023197,0,0,4
0.23968938261162054,0.13050391645504367,0,0,4
0.6363218382304817,0.5665258567683682,0,0,4
0.45605838421400313,0.7919703743578357,0,0,4
0.9645555646020336,0.47949645932957075,0,0,4
0.3114984949801577,0.3005897825365188,0,0,4
0.33791339715150104,0.03900301950351104,0,0,4
0.09764363203867643,0.7869997310417912,0,0,4
0.5579057982939183,0.5970349061632609,0,0,4
0.9457017063801116,0.471036178911182,0,0,4
0.16457989940398143,0.8547849256506009,0,0,4
0.6906859335316314,0.23360518981263234,0,0,4
0.8674517280775584,0.9926546976946563,0,0,4
0.2922145936353199,0.45477545781833306,0,0,4
0.7359682790788148,0.6702597862478534,0,0,4
0.11007225363640338,0.8386634345129491,0,0,4
0.45703429647866256,0.816936655782522,0,0,4
0.8024258579596685,0.18182597152798907,0,0,4
0.02573325886459432,0.4050918979899174,0,0,4
0.3612199822176191,0.08647257852186041,0,0,4
0.8007634203770015,0.9145554392942854,0,0,4
0.4732536953830556,0.6304381374260921,0,0,4
0.12684320700837692,0.5861902945792739,0,0,4
0.1652918975467098,0.6721100066333517,0,0,4
0.5168269248817782,0.9611926718802114,0,0,4
0.07111258361351425,0.20552046217115183,0,0,4
0.8210598659557828,0.9335744680680844,0,0,4
0.32140497678129454,0.6315820972435675,0,0,4
0.04860450575154007,0.36302291590572167,0,0,4
0.36942600485215715,0.5475586703980726,0,0,4
0.36969662360943245,0.9713456116404573,0,0,4
0.045320775912806366,0.3523654225794721,0,0,4
0.3829474865525623,0.5444755370991642,0,0,4
0.2528529047682154,0.38298412485445865,0,0,4
0.8648262593687072,0.6118963482586081,0,0,4
0.1265396252862151,0.9076338410216829,0,0,4
0.932342372547012,0.7532119263075899,0,0,4
0.8004383892378977,0.09899141866058303,0,0,4
0.43317733632714517,0.7342133592324478,0,0,4
0.8644276870776779,0.7371157005392648,0,0,4
0.3974640863961957,0.9052568126482422,0,0,4
0.17406990112206866,0.8984413727393226,0,0,4
0.35768828295315225,0.9479556335279322,0,0,4
0.27973044937075464,0.9769922125604773,0,0,4
0.9841387132513694,0.8632214266897889,0,0,4
0.5253996574700335,0.9175441154138062,0,0,4
0.029891988372110156,0.490437406906849,0,0,4
0.07794763587759368,0.870936773859542,0,0,4
0.25034782418516754,0.11560656525255508,0,0,4
0.4436688112803112,0.5310021221816644,0,0,4
0.15370552775439328,0.1464105135367847,0,0,4
0.1393576144598473,0.11512584261656189,0,0,4
0.6860911918271365,0.6118536610164077,0,0,4
0.471428423234731,0.837424798789557,0,0,4
0.16862291143457053,0.2514152550872941,0,0,4
0.9900920906216653,0.3820447052698144,0,0,4
0.0581088155620334,0.026735025343702645,0,0,4
0.5716883091782753,0.25426069526175665,0,0,4
0.3070352103412668,0.8333297371164377,0,0,4
0.38652182093174503,0.22781718307764276,0,0,4
0.9549373232539994,0.23360450627192386,0,0,4
0.30196427247269064,0.3327468046270189,0,0,4
0.7624602478077681,0.7289977644624345,0,0,4
0.3675798902241031,0.22705039922396164,0,0,4
0.942660532422665,0.2864458788455502,0,0,4
0.9338411477518892,0.1251274076465826,0,0,4
0.2950670767014202,0.8826096291002209,0,0,4
0.25508146662061515,0.323793140794822,0,0,4
0.45016721330011655,0.15714182665976884,0,0,4
0.0858355507963322,0.8027624077825442,0,0,4
0.9221559370531668,0.5532172409362444,0,0,4
0.3531888552930087,0.8136787934780773,0,0,4
0.4950128734520999,0.5370847876014891,0,0,4
0.7493839381891185,0.40755849788357856,0,0,4
0.5989662924310828,0.11931550746545005,0,0,4
0.6334392918356171,0.8228107201383119,0,0,4
0.9277824197813097,0.17175239680265464,0,0,4
0.9360529122998189,0.0022636136576161814,0,0,4
0.8127474977014515,0.25697598738620786,0,0,4
0.7219601728968039,0.27601214642428906,0,0,4
0.7366358432832031,0.863272425963556,0,0,4
0.3331248322318654,0.2685092569693899,0,0,4
0.2506339722395178,0.49648564982726995,0,0,4
0.959512245950177,0.04205662457554149,0,0,4
0.8356948562630724,0.7031601582983891,0,0,4
0.9193603146768282,0.5921515857433589,0,0,4
0.8431991898654743,0.06123803277236828,0,0,4
0.020276882171348376,0.5399028716608818,0,0,4
0.29013083652179195,0.5910366840038345,0,0,4
0.39073705944966985,0.9965626392504993,0,0,4
0.9392598402531871,0.5038165049861618,0,0,4
0.24850347360379532,0.8044106374967995,0,0,4
0.1713955554526303,0.7458493510275358,0,0,4
0.029545584364585653,0.4337179496356055,0,0,4
0.4706190893355765,0.4684361359235869,0,0,4
0.4918591699653039,0.7441763006309409,0,0,4
0.22860397409076938,0.0679915757468248,0,0,4
0.780353404132796,0.9062350788346312,0,0,4
0.05745214262733256,0.5677461469212095,0,0,4
0.3814372024490743,0.32562771433387394,0,0,4
0.7539891843460776,0.6904467746012013,0,0,4
0.5581910641200188,0.11428569854953885,0,0,4
0.43163696743057256,0.8704908610998112,0,0,4
0.708340144668981,0.6865803417486879,0,0,4
0.5747369143720384,0.5420792317142108,0,0,4
0.852635933126211,0.7722626498648819,0,0,4
0.9376830125548199,0.4297662032390468,0,0,4
0.004587356619951466,0.15702674153587715,0,0,4
0.7873543083258542,0.6997433612717817,0,0,4
0.9172684220275966,0.06001920205199618,0,0,4
0.38428973554029033,0.02917027030002672,0,0,4
0.2839179586110123,0.2350281631083132,0,0,4
0.4062093790522162,0.9648391859770261,0,0,4
0.34376145841651684,0.5771088088782734,0,0,4
0.0632165004087828,0.2102671844192484,0,0,4
0.2050070396947482,0.3295540589353875,0,0,4
0.16279539410411703,0.333664561753759,0,0,4
0.07378557876289316,0.6307687734793365,0,0,4
0.7436043362389921,0.5150905701702547,0,0,4
0.6894936794165084,0.36695465010450856,0,0,4
0.7856395221915818,0.855355775264821,0,0,4
0.2726369445132881,0.043292991195571395,0,0,4
0.11929249679097187,0.1990709123091704,0,0,4
0.05443273097363566,0.3600980165910219,0,0,4
0.43070485321172036,0.9067986218841815,0,0,4
0.7854503268340645,0.9609303365759372,0,0,4
0.06998480984731759,0.6179045229347724,0,0,4
0.613684528871068,0.541721186736147,0,0,4
0.6407006147800963,0.3752136400091143,0,0,4
0.11696094028468351,0.28544588330191867,0,0,4
0.4274556521106119,0.3204618867324688,0,0,4
0.4771688871942277,0.22687808022748035,0,0,4
0.7381405128397219,0.08478471495492212,0,0,4
0.31703596991391325,0.7830120338501647,0,0,4
0.8965756699957755,0.10187719544922169,0,0,4
0.6636407471067741,0.8675048708226232,0,0,4
0.04471151780329774,0.41297180779208287,0,0,4
0.27671144639165146,0.7573124108109772,0,0,4
0.0955541513545698,0.09126883765401606,0,0,4
0.3595654309198508,0.7897667795457123,0,0,4
0.5172569554943995,0.9221795771077531,0,0,4
0.4580926301529238,0.6167884787101365,0,0,4
0.9790767539759057,0.5570484680247068,0,0,4
0.46098260904186505,0.7380629268561111,0,0,4
0.3005482144559346,0.8602058153800616,0,0,4
0.6350935990507257,0.8897858378355284,0,0,4
0.42105034270464264,0.04452499192165593,0,0,4
0.6701818953798966,0.6448836843078268,0,0,4
0.3467203677940075,0.38280760112231405,0,0,4
0.9169693409538168,0.3350496500713044,0,0,4
0.6545932314125953,0.126994797569691,0,0,4
0.9948212408122056,0.7287653557735569,0,0,4
0.18360109756475473,0.6027263576031564,0,0,4
0.08274861014111246,0.3948837442638162,0,0,4
0.9812825172311288,0.3863767596235018,0,0,4
0.4996628009552919,0.6005236955680215,0,0,4
0.16560898530095725,0.38543892547031555,0,0,4
0.27498904247757905,0.5274352995255931,0,0,4
0.42957875558546244,0.5772702334006301,0,0,4
0.4201560921729741,0.8466807620668143,0,0,4
0.6169546789677846,0.23587443373197858,0,0,4
0.6937747229129582,0.03704014519215737,0,0,4
0.820217161294644,0.8115802849051144,0,0,4
0.6253122201923709,0.5482338869145057,0,0,4
0.4816593314238614,0.8386087722009941,0,0,4
0.6617444952175762,0.09989133403677364,0,0,4
0.3203232348559545,0.259906479496658,0,0,4
0.2877341900494139,0.2651029887881282,0,0,4
0.11559878998843587,0.46112453688003374,0,0,4
0.9533951061993109,0.09365107101902403,0,0,4
0.23845927981983062,0.20097264319293548,0,0,4
0.6915803763886784,0.00792690040195454,0,0,4
0.13301378135872932,0.688074886110701,0,0,4
0.03309631498153309,0.25010808216326574,0,0,4
0.17574665221156194,0.050623378024250654,0,0,4
0.4351158600733983,0.0682378401383289,0,0,4
0.08928107586286671,0.829048222887382,0,0,4
0.7442894309568143,0.17700557286164753,0,0,4
0.3047104093816808,0.14160381040844272,0,0,4
0.5028834357387297,0.4549376703298955,0,0,4
0.10355121869108819,0.7413401936047449,0,0,4
0.404465795824392,0.7366333030484915,0,0,4
0.4654437362536695,0.40504223051350996,0,0,4
0.42863566829100563,0.02391030295193508,0,0,4
0.738866311794202,0.8445118903595591,0,0,4
0.030719357621579402,0.2965775830991443,0,0,4
0.07531341629676436,0.5573452503378744,0,0,4
0.20946339930190916,0.08230806223841547,0,0,4
0.8752200847464622,0.3487541749564088,0,0,4
0.2430089700234871,0.7292298488600472,0,0,4
0.572503892863532,0.7978232255227994,0,0,4
0.5818310539465076,0.9094176994519091,0,0,4
0.03246884715569187,0.18237111957810181,0,0,4
0.17216876193942066,0.13424502738065436,0,0,4
0.5149131305159343,0.5610188118889531,0,0,4
0.21091685841799002,0.5621873231804994,0,0,4
0.2302647882062595,0.23505847587770368,0,0,4
0.6125151079720033,0.781189783020151,0,0,4
0.8072795608997855,0.32810986222611327,0,0,4
0.8159594893141942,0.06289988711407368,0,0,4
0.6850790892814536,0.7018551715188859,0,0,4
0.569805075818287,0.2865448737989408,0,0,4
0.7177053641021574,0.0547300705901388,0,0,4
0.26078587066993875,0.12438924925848072,0,0,4
0.14385759965178946,0.8639482787483461,0,0,4
0.5199921855397948,0.21514954029472222,0,0,4
0.9190056149827934,0.49230543469163524,0,0,4
0.9820484997503517,0.04354916378179708,0,0,4
0.8233357322131611,0.4965124421128607,0,0,4
0.17531763078790807,0.5238313799034213,0,0,4
0.693210400548483,0.3990533527281337,0,0,4
0.8322555008299463,0.884552105038845,0,0,4
0.8655555576978257,0.38886679977869587,0,0,4
0.7344673264257902,0.7272671012007091,0,0,4
0.06080037744779265,0.7478068706026969,0,0,4
0.6757587885175502,0.20541652144834388,0,0,4
0.48985780288595593,0.8663887253429228,0,0,4
0.4815187270011174,0.4465900289753091,0,0,4
0.7452978484832852,0.743497726463713,0,0,4
0.7028999601740341,0.8338507811923789,0,0,4
0.5385333168309505,0.022043262501450164,0,0,4
0.9173033099393998,0.8912770791117505,0,0,4
0.6788352802327612,0.7132483445845887,0,0,4
0.6082072963863069,0.3866372336479016,0,0,4
0.5212648621392447,0.16095815623094356,0,0,4
0.25557574321990184,0.6916882125302257,0,0,4
0.061242160317697136,0.5670527768743835,0,0,4
0.4603427242969166,0.2735274299220938,0,0,4
0.06591759888986137,0.43103099179680304,0,0,4
0.41153707468339895,0.2969778563426647,0,0,4
0.2205858126823328,0.5102144617994141,0,0,4
0.6284286374499047,0.07188527312096904,0,0,4
0.3998058321986624,0.8112216955718928,0,0,4
0.23710317053180763,0.22973538854740638,0,0,4
0.022421243857921325,0.12136912656830512,0,0,4
0.007691023340677283,0.7525483214298727,0,0,4
0.6771854104646975,0.22708987751861665,0,0,4
0.031648194278331765,0.898201101995941,0,0,4
0.9893035716219821,0.29553542784781084,0,0,4
0.49492230977811746,0.989227637141061,0,0,4
0.9306279558495497,0.13718060658004227,0,0,4
0.44532646202544923,0.6547311623458782,0,0,4
0.7156957486946658,0.8405338292320546,0,0,4
0.7536620649864438,0.5752427157398095,0,0,4
0.07850764468029903,0.7557762294547571,0,0,4
0.9643969738292693,0.10263793862010462,0,0,4
0.9085120024355041,0.03171670361464163,0,0,4
0.6085373232479888,0.9595901834995275,0,0,4
0.6484496627340878,0.8522600927107468,0,0,4
0.513133271581157,0.7941119400831796,0,0,4
0.14551514077947492,0.4126109604417644,0,0,4
0.16628668691811266,0.44445451630966837,0,0,4
0.5304006641730179,0.17832723064542577,0,0,4
0.09278205302875442,0.19976836987683988,0,0,4
0.09699843819551812,0.6102655833167262,0,0,4
0.40368736223169943,0.33276223217074896,0,0,4
0.017270147808466477,0.19027479920146861,0,0,4
0.7429411175476026,0.2288440614890942,0,0,4
0.6217665147274879,0.5370325839254115,0,0,4
0.9792700250355566,0.8018996051620865,0,0,4
0.8506935673613314,0.5243332234179623,0,0,4
0.35421025048673316,0.25144414326254794,0,0,4
0.608545566412559,0.7161117049614397,0,0,4
0.4427816494521122,0.03413970978671832,0,0,4
0.20741519569796052,0.4775981111339235,0,0,4
0.4450312708795797,0.4203047606055711,0,0,4
0.7279801283546246,0.919962194542495,0,0,4
0.34479307547036997,0.02500460416213246,0,0,4
0.44169887410043696,0.2966886713012703,0,0,4
0.20305234567445707,0.10117240583456033,0,0,4
0.20413166400044458,0.7797911380902306,0,0,4
0.9058745847154022,0.9731344507025272,0,0,4
0.4602449585987395,0.8975177879981896,0,0,4
0.18114120249887988,0.21419407276743807,0,0,4
0.03230630847276228,0.26668040331110365,0,0,4
0.852699691677879,0.019440238470667115,0,0,4
0.6974732291242101,0.8506799838566108,0,0,4
0.19117113257364848,0.19298208529417626,0,0,4
0.7225313455235095,0.5199092293705018,0,0,4
0.40415210195676265,0.7581919484225264,0,0,4
0.6398921545985845,0.8929781377745631,1,1,6
0.6418418819491082,0.8794773872508634,1,1,6
0.6273928707928175,0.8806694466500037,1,1,6
0.6195337120510943,0.8750553600276174,1,1,6
0.6288368616181671,0.9023174661581481,1,2,6
0.6207782318152352,0.8862884332543501,1,2,6
0.6296845640695143,0.9114063570474857,1,3,6
0.6303126632586846,0.9145320628959027,1,3,6
0.6085773792997241,0.9055792204063084,1,3,6
0.6465719804745274,0.9770328211472532,1,3,6
0.6064517741987117,0.9229158891143501,1,3,6
0.6181454817493867,0.9117669977327686,1,3,6
0.6680583263446711,0.9744478175643566,1,4,6
0.6486194811012537,0.9739241424015403,1,4,6
0.6886629423841584,0.9648547826388899,1,4,6
0.6475877619338449,0.9676913397722181,1,5,6
0.6461910025516996,0.9733372623339521,1,5,6
0.6758103986788078,0.9552363495584881,1,5,6
0.683407999035719,0.94313254507035,1,5,6
0.6549422025787679,0.93644340723285,1,5,6
0.6576437195853658,0.9964741131307586,1,5,6
0.638364287235314,0.9765080803753187,1,5,6
0.6215519884015348,0.9752454305101742,1,5,6
0.659537201978203,0.9689056042866179,1,5,6
0.6476653200523363,0.9405608677972161,1,5,6
0.6413673666113089,0.9775109688910869,1,5,6
0.6712393308871155,0.9404969799895927,1,6,6
0.6158026916431213,0.9884980061450264,1,7,6
0.5875366950939309,0.9732406705922709,1,7,6
0.6072395794987093,0.9849935621634206,1,7,6
0.6287502321163317,0.9808978651069377,1,7,6
0.6252649473861283,0.9710223140785179,1,7,6
0.6287572045451889,0.9731197404108708,1,7,6
0.6124833514097253,0.981166068430349,1,8,6
0.6643406661593164,0.9917288343486927,1,9,6
0.636412949882742,0.9971332707889922,1,9,6
0.6617479784498809,0.9990540053888309,1,9,6
0.6911251972248215,0.9884142038361083,1,10,6
0.7076914386235607,0.9610600081406876,1,10,6
0.7117420731246816,0.9889316011515665,1,10,6
0.6114532277939528,0.13087235596714883,2,1,6
0.5997072915277567,0.15651528141798035,2,1,6
0.5756967055930146,0.1334642394981265,2,1,6
0.608373082118596,0.10981302810090102,2,1,6
0.6036134219463226,0.11871113305955183,2,1,6
0.5914655250051427,0.12388430265532095,2,1,6
0.5967104673629643,0.08320786734390107,2,2,6
0.5995567533746513,0.07919160023659738,2,3,6
0.5934730146433708,0.07168258403586662,2,3,6
0.5828379195539212,0.07157463578188614,2,3,6
0.5947383796991733,0.079493168124762,2,3,6
0.5978226746842551,0.032312742289463355,2,3,6
0.5830790069332619,0.06524452206196144,2,3,6
0.5908436453910374,0.08371700775409152,2,3,6
0.601959308202366,0.07958921752172733,2,3,6
0.5873989461466904,0.0901613186014044,2,3,6
0.5526000381192266,0.08716660611104811,2,3,6
0.5994903191286254,0.079838788387337,2,3,6
0.5922626083003999,0.05683730448641063,2,3,6
0.6084182796344547,0.0922593688174525,2,3,6
0.5849520462494221,0.0688898438768721,2,3,6
0.5739037393338746,0.06583749324960882,2,3,6
0.5978007152304828,0.07250023619956245,2,3,6
0.5726896783984067,0.060800817070465314,2,3,6
0.5821685917322165,0.03156010457956636,2,4,6
0.5884493189222673,0.0663816371218776,2,4,6
0.5590465992548869,0.05991019709377922,2,5,6
0.5645192322783387,0.06866874903712253,2,5,6
0.552094423150808,0.05400333188223781,2,5,6
0.5464440633233164,0.08163494631168772,2,5,6
0.5491267669186526,0.11723416007693871,2,6,6
0.5312696409596287,0.0969413239170393,2,6,6
0.49325874700620154,0.14862712992390198,2,6,6
0.5182442900141925,0.10933583477134536,2,6,6
0.5148049702644195,0.11543973571286184,2,6,6
0.4999287581108317,0.11845812084350808,2,6,6
0.5414210364582519,0.1255651191673348,2,6,6
0.5437878368391759,0.09850820903796154,2,6,6
0.48330838192316616,0.1130675219130991,2,6,6
0.4880922539489328,0.08784211272241221,2,6,6
0.5038033823129681,0.08281442592909534,2,6,6
0.47005016880682143,0.0862540312138073,2,7,6
0.485779147989567,0.07748929366753167,2,7,6
0.5267942274586405,0.10944611501364766,2,8,6
0.5271661153321722,0.09245264382854423,2,8,6
0.507469098199453,0.08690173100138136,2,8,6
0.5161888413775043,0.09096761765918326,2,8,6
0.524201529145482,0.09036115340756005,2,8,6
0.5101605377183914,0.11309986358348482,2,8,6
0.5110466437823932,0.12457856842280676,2,8,6
0.5256557293700219,0.09275357709096399,2,8,6
0.5313720054139813,0.03645051997601112,2,9,6
0.542126385759625,0.07022852908534112,2,9,6
0.5418180819527246,0.047166463266552404,2,9,6
0.5155242017900354,0.06176880139184604,2,9,6
0.5345248642920211,0.05086736861642685,2,9,6
0.5389973798642015,0.07838087586958255,2,9,6
0.5574580116822535,0.07350937491140404,2,9,6
0.5525266427001212,0.03333536669040646,2,9,6
0.5336360110089549,0.04036193669262913,2,9,6
0.5544332025987929,0.08121164988442528,2,9,6
0.47920304619443066,0.04586548016901222,2,10,6
0.4898097026901758,0.058168509519805824,2,11,6
0.5059487280847449,0.04511197379826156,2,11,6
0.44754362675833875,0.755515187382689,3,1,6
0.4692355580638474,0.7580552402396854,3,1,6
0.43303887296267607,0.7465519703941307,3,1,6
0.46013095047170466,0.7649658997447878,3,2,6
0.4415716500774155,0.761226296171545,3,2,6
0.4131939537687925,0.7951709622335369,3,2,6
0.46531590597228895,0.7896944324315546,3,2,6
0.44473812511457733,0.7715160319206045,3,2,6
0.45678526447172024,0.7586339906305911,3,2,6
0.4506806055659191,0.7800655900391138,3,2,6
0.44079271771322104,0.7251885978406905,3,3,6
0.4423851840471143,0.7418912400401337,3,3,6
0.46047110328364776,0.7066453238760968,3,3,6
0.44692497780764456,0.6514620344329349,3,4,6
0.41664693846764417,0.6565403024190153,3,4,6
0.42381113189224523,0.7119931801233866,3,5,6
0.4312001102894354,0.7040993472867686,3,5,6
0.4275244636687355,0.6991620799922524,3,5,6
0.4163195808061128,0.697152116102225,3,5,6
0.4422689399613344,0.6386373629632836,3,6,6
0.4364846635105849,0.6488625631905311,3,6,6
0.4405439947888987,0.6242108064486678,3,6,6
0.42772425887448856,0.5950087584142804,3,7,6
0.38099255510495034,0.6553868093447497,3,8,6
0.4100932527220777,0.6242296637796875,3,8,6
0.4261808196387716,0.640346274796638,3,8,6
0.39779366858770776,0.6500555760928475,3,8,6
0.39026318594836834,0.6388443048261155,3,8,6
0.3856806601068787,0.6199924438925386,3,8,6
0.37515281622494245,0.63236630666776,3,8,6
0.3774824274095943,0.6382932435607728,3,8,6
0.3755277311259013,0.6532922111921143,3,8,6
0.40445576232687835,0.6381307001621994,3,8,6
0.4021873036101698,0.6325478540921483,3,8,6
0.43232570143941157,0.5821365813807504,3,9,6
0.40487043204371437,0.594804052688796,3,9,6
0.4399320326331473,0.6008417172975273,3,9,6
0.39460438076552923,0.5957649190280754,3,9,6
0.4217682331295884,0.6046647835056975,3,9,6
0.4145981831305549,0.5842951165343111,3,9,6
0.4230382308823147,0.6168363941864744,3,9,6
0.437978375105238,0.6088139547264261,3,9,6
0.45196984281694236,0.5815775817339055,3,9,6
0.4293746279673715,0.5731794350660412,3,10,6
0.40959250729229923,0.581358522530134,3,10,6
0.4489703476382158,0.5519989546396689,3,11,6
0.4740611357308587,0.5539170939625022,3,11,6
0.470800470242053,0.5206270540118235,3,11,6
0.4733302417708844,0.5474496774808532,3,11,6
0.45603644256981846,0.5359010540956901,3,11,6
0.4503931991938192,0.5328030161466782,3,12,6
0.4592435147226605,0.5133368883726979,3,12,6
0.4942070828375083,0.5182914337174382,3,13,6
0.4784533318798688,0.5531785133245373,3,13,6
0.4518481745349937,0.528233262374338,3,13,6
0.4906481384316792,0.5548333061734131,3,13,6
0.48450844295822065,0.5508501260268388,3,13,6
0.47176314032775124,0.5447262617718921,3,13,6
0.48198789144769916,0.5390811217753503,3,13,6
0.4939457996801272,0.5682080377315931,3,13,6
0.48272508893332816,0.5241916834701312,3,13,6
0.49273992313453135,0.5361184803487418,3,13,6
0.47112309788898826,0.5479827916120452,3,13,6
0.49380829377155977,0.5109361302314932,3,13,6
0.49563813559885816,0.5482410398361567,3,13,6
0.48603832988162093,0.5656826781513575,3,14,6
0.46997518276371114,0.5881863185829873,3,14,6
0.6495334788319851,0.35689937177514147,4,1,6
0.6700117057124687,0.3451216175938805,4,1,6
0.6554019959737676,0.36228267994131375,4,1,6
0.6799093988048315,0.3552677693424613,4,1,6
0.6505365422387265,0.3751062507371527,4,1,6
0.7440311193183972,0.3673957606961145,4,2,6
0.7466869892803228,0.38033503936707164,4,3,6
0.7501298839331759,0.36383260903980696,4,3,6
0.7530017774460195,0.36639738697120394,4,3,6
0.7732632430013017,0.35602838777739426,4,3,6
0.7700662908610474,0.39206085432900056,4,3,6
0.7607080360265148,0.3640228337549989,4,3,6
0.7921508577059653,0.31913033739650276,4,3,6
0.7376599646858452,0.4009228048763174,4,4,6
0.7634643140031913,0.390258378403827,4,4,6
0.7725695383973887,0.42259014657965815,4,5,6
0.7954737217398836,0.43965127866595777,4,5,6
0.8002265051480002,0.45582987442466066,4,6,6
0.7837770359097176,0.42302134247326906,4,6,6
0.7945493887404192,0.46362282575529684,4,6,6
0.7895377651380115,0.4482672804912772,4,6,6
0.7530817554150369,0.46468333356432756,4,6,6
0.7754734615661649,0.45707181198078295,4,6,6
0.7849545452554041,0.46380876127989845,4,6,6
0.7793647145358155,0.4610406254861372,4,6,6
0.7589110697811107,0.46373081787345705,4,6,6
0.8107990010518736,0.4748017702392027,4,7,6
0.7912767444992121,0.45478307936737156,4,7,6
0.8359794317754542,0.4894697775205855,4,7,6
0.8251715438932605,0.4898948516232969,4,7,6
0.8223753076903364,0.5189059112562,4,8,6
0.8089240509287546,0.4822006115490425,4,8,6
0.834020038710842,0.42903667112574156,4,9,6
0.8268282155478937,0.4372815827156536,4,9,6
0.8530242408756709,0.438285121975436,4,9,6
0.8165969363790118,0.43103973680104674,4,9,6
0.8158576288081841,0.44761199652556505,4,9,6
0.8440927470320443,0.4451964469018335,4,9,6
0.8494166023648372,0.4633325305895394,4,9,6
0.8155170177770852,0.44972507952593316,4,9,6
0.7990063554158038,0.4377299258348655,4,9,6
0.8421393442638327,0.442605088409577,4,9,6
0.828059589397282,0.44067879907475005,4,9,6
0.8316909534273867,0.4512859668258025,4,9,6
0.8451377598807438,0.44165016301873444,4,9,6
0.8324655602766899,0.42094613877204834,4,9,6
0.8386011093554656,0.4361123761661748,4,9,6
0.8435759590587375,0.47150756149994916,4,9,6
0.8447192629895658,0.46055117765008513,4,9,6
0.8305423688379222,0.4545527399721613,4,9,6
0.8700468822186631,0.4215734140753543,4,10,6
0.8700313609363839,0.4192648363366731,4,10,6
0.8457745434535994,0.39155926419960074,4,10,6
0.8318336423087168,0.4384292162248322,4,10,6
0.3236335451500656,0.29473546672738815,5,1,6
0.29281124733977326,0.30705730299587397,5,1,6
0.2759737039445947,0.312132355812115,5,1,6
0.2794568532454443,0.28676901837376517,5,1,6
0.34728716710758284,0.27774217680450747,5,1,6
0.3039519101052622,0.26500236019753887,5,1,6
0.2753610506171409,0.33106667268395856,5,2,6
0.2869588509743426,0.3413282843036457,5,2,6
0.2838725842818168,0.32677811701804066,5,2,6
0.26384293756952293,0.3311818939789472,5,2,6
0.2635282616728555,0.3601757581973983,5,2,6
0.2674908709613037,0.3109556736845377,5,2,6
0.27759560740658745,0.3363202917309956,5,2,6
0.2693529373332029,0.36581895166472883,5,2,6
0.2814930331430766,0.32616830032660754,5,2,6
0.2803091231376313,0.34226475162468345,5,2,6
0.2718139334371656,0.2922986328302488,5,2,6
0.2688280050805411,0.3426904491975388,5,2,6
0.26026676652483055,0.34959621961769766,5,2,6
0.284465577588364,0.3340299169585472,5,2,6
0.2720514671047329,0.33987445594460186,5,2,6
0.266085979067065,0.3093553608370415,5,2,6
0.2994551876609526,0.3865645378064008,5,3,6
0.33459314589425226,0.40384150146167214,5,4,6
0.3015882048826655,0.36327684358853696,5,4,6
0.3331144101862627,0.43185964113453296,5,4,6
0.3716346053654266,0.43961512766942507,5,5,6
0.35843772854920014,0.4261655532825239,5,5,6
0.35375722874988036,0.4234662133269104,5,5,6
0.37234823811172596,0.40544566933666454,5,5,6
0.3870143439039416,0.4448993497234291,5,5,6
0.3394208291700702,0.4264138244717188,5,5,6
0.3733188632385039,0.3775134440068427,5,5,6
0.39724464994226905,0.42976804302740557,5,5,6
0.36807245151331425,0.4132933857675772,5,5,6
0.3763517395002104,0.4152196993653224,5,5,6
0.37397013099078497,0.4185604168026477,5,5,6
0.3669222080842593,0.42032131952990887,5,5,6
0.36995626996395786,0.44534795107965564,5,5,6
0.36614022585158656,0.4196460865666193,5,6,6
0.32696192620966785,0.4169122619358971,5,7,6
0.27367850823003015,0.40129925994131094,5,7,6
0.19149696255594553,0.5057435690421297,6,1,6
0.19448673435512365,0.5568572277202654,6,1,6
0.13907937658616787,0.5262966410481322,6,2,6
0.17344094806155672,0.5150450615591069,6,2,6
0.17260019260298112,0.5089093059414619,6,2,6
0.20351214186979935,0.45753327250682035,6,3,6
0.21208825354977728,0.4511871960928265,6,4,6
0.23273574585080054,0.4221092778960096,6,4,6
0.16861044872969297,0.43203408586086167,6,5,6
0.17091210161771925,0.4264430921484925,6,5,6
0.16830074599969833,0.41721464312514894,6,5,6
0.16997409286544907,0.41982354552982437,6,5,6
0.17692220988432344,0.4133123015516391,6,5,6
0.19138751420186578,0.4575240879255326,6,6,6
0.19044886846239462,0.49212867808664074,6,6,6
0.17893098652923928,0.46222935214039057,6,6,6
0.18379865769534182,0.4745129034005422,6,6,6
0.17263037713343443,0.48217729893921707,6,6,6
0.17351383303469253,0.4887886113950391,6,6,6
0.21140369546517032,0.4902253484034306,6,7,6
0.6456255780728544,0.46526394999960885,0,0,5
0.5681250826129448,0.7469852795894758,0,0,5
0.32417593825862145,0.9795652762771971,0,0,5
0.4799949162999433,0.11694755317566075,0,0,5
0.5821168217866196,0.6067043070790169,0,0,5
0.5046722336614249,0.896672888013169,0,0,5
0.0680902223287595,0.8149174824620792,0,0,5
0.7396949088123602,0.8211033121294744,0,0,5
0.5098017084417646,0.5393255382497052,0,0,5
0.7128548952633287,0.9883926571349239,0,0,5
0.6952028455952538,0.4744629853985961,0,0,5
0.9325789508481176,0.6081610877160502,0,0,5
0.5191371353877983,0.4171041059351458,0,0,5
0.8946201883047887,0.609795882045853,0,0,5
0.5468095108553169,0.6183212379666008,0,0,5
0.6485945304899626,0.864474944868135,0,0,5
0.6487877363553552,0.8729657066830142,0,0,5
0.36947305136501074,0.6668523026134864,0,0,5
0.955683454483532,0.4005419170070408,0,0,5
0.29727454859067115,0.2609395761359541,0,0,5
0.14900475864831997,0.499679023081557,0,0,5
0.4392520925401132,0.20869898940301512,0,0,5
0.6844798245773128,0.3481052714205941,0,0,5
0.6321644943905793,0.8082535468013232,0,0,5
0.03244205051395832,0.09646637437582195,0,0,5
0.8424456284521813,0.9154810107450085,0,0,5
0.5232521166293091,0.9753823284696722,0,0,5
0.24715914123030058,0.28193116489808057,0,0,5
0.7721846077274561,0.9930018634526456,0,0,5
0.32479891929074334,0.33823368828802464,0,0,5
0.7994085381832707,0.13895639904066526,0,0,5
0.8239437343787929,0.6841652958639327,0,0,5
0.7396903296680785,0.8494075563905649,0,0,5
0.4919119025954446,0.6373144756795339,0,0,5
0.2550042031563232,0.8098108392375682,0,0,5
0.3409292128708955,0.33294677679999773,0,0,5
0.5603693125487305,0.40780126554967966,0,0,5
0.6194002858074025,0.17342883651350427,0,0,5
0.8404608175491463,0.24612096692603092,0,0,5
0.6560196672295182,0.36837386023118823,0,0,5
0.9381373236588169,0.13461231858321066,0,0,5
0.4446826493550079,0.9916158619898731,0,0,5
0.17916566697454173,0.8215616426913027,0,0,5
0.7686275343635308,0.6136196901346223,0,0,5
0.577747316912997,0.846298949444731,0,0,5
0.6203535473692317,0.8657172528628987,0,0,5
0.9171598773695284,0.1892108773902591,0,0,5
0.09767846691675319,0.6802171520113688,0,0,5
0.5008189197510574,0.30666323751105407,0,0,5
0.1367814587491607,0.6609294240247836,0,0,5
0.036790528355403196,0.49472905944205603,0,0,5
0.95194264266369,0.6769343396294152,0,0,5
0.6018704423924555,0.9698463757589539,0,0,5
0.11485763828514928,0.8250935585454231,0,0,5
0.5901077593981909,0.7955676082762606,0,0,5
0.5282977580439987,0.6432337415918633,0,0,5
0.6325181876033455,0.8056499634183084,0,0,5
0.5070706904495872,0.48344438887088326,0,0,5
0.2726174545558734,0.05238762261858798,0,0,5
0.5228903632417432,0.09658601332961603,0,0,5
0.7598731017089582,0.13070887059091651,0,0,5
0.3286879184858609,0.1824319657253204,0,0,5
0.489666651429679,0.035886812565852355,0,0,5
0.02259702781412498,0.38736280787764044,0,0,5
0.2795905463837457,0.23677764302307647,0,0,5
0.14730587911727477,0.8659869068054241,0,0,5
0.5104331374140931,0.9259255192077833,0,0,5
0.6775018350126158,0.659415696662227,0,0,5
0.5206418518758741,0.1239860335175198,0,0,5
0.12404669332451013,0.34680949833564734,0,0,5
0.9666791493603991,0.04898774678429285,0,0,5
0.6113926336948305,0.30921083692191287,0,0,5
0.14801159195241875,0.022683709166168353,0,0,5
0.2947600234668952,0.430638891722524,0,0,5
0.0928456798261591,0.7739402183902911,0,0,5
0.9166195334047157,0.7265834656703191,0,0,5
0.7688222779928213,0.5430707296017734,0,0,5
0.06589198764307791,0.03002217116443917,0,0,5
0.4008649883805373,0.3882850043299625,0,0,5
0.9605847069444371,0.2612015694536376,0,0,5
0.996843056830882,0.9206419203826514,0,0,5
0.05970488797160056,0.32190588755054417,0,0,5
0.09374095863193488,0.9835763481721367,0,0,5
0.9869545202156396,0.4591414936752686,0,0,5
0.9424638922508818,0.28640523054535016,0,0,5
0.6190199889229397,0.8346201725777669,0,0,5
0.28162294973767465,0.07602802493462946,0,0,5
0.7471158472352059,0.3766615563698402,0,0,5
0.08313143928704259,0.32298874704927083,0,0,5
0.6100732542264274,0.3224645074893684,0,0,5
0.8497774353934469,0.610903541868566,0,0,5
0.06347582882967018,0.6327574996973391,0,0,5
0.7156055042184184,0.7982848174443015,0,0,5
0.33181867756782774,0.8785757141482737,0,0,5
0.7918685918278209,0.6912564148524627,0,0,5
0.976449033369565,0.9645945665518066,0,0,5
0.3415381746565286,0.5329336255336438,0,0,5
0.5445923342446756,0.3249625765078401,0,0,5
0.3085941730129085,0.13420202602160736,0,0,5
0.5921903965944919,0.4204049573295181,0,0,5
0.3633931613834954,0.07798778150033757,0,0,5
0.7888897121432804,0.027720425264421977,0,0,5
0.4424429067567527,0.872059903596741,0,0,5
0.6532831779492911,0.5063159760467496,0,0,5
0.8783402181029745,0.7672581900048611,0,0,5
0.3643310706243752,0.9991527396247115,0,0,5
0.7337907065493318,0.08586724380126975,0,0,5
0.45540438466851585,0.887794455433321,0,0,5
0.9685853520905533,0.2707167355564426,0,0,5
0.2582838802944524,0.48711613608578297,0,0,5
0.7172195050341702,0.317737919058259,0,0,5
0.8640499120819952,0.1400875679598187,0,0,5
0.7095808996135263,0.37101070118002777,0,0,5
0.32266528506113024,0.8291724661986563,0,0,5
0.6844669935850891,0.23781873333402626,0,0,5
0.1870025846201352,0.15907659115263806,0,0,5
0.9707208481574587,0.21528675917487694,0,0,5
0.30627543071100827,0.4468921885619703,0,0,5
0.9914204011245995,0.07283904431027055,0,0,5
0.47297096428179886,0.20468025916999577,0,0,5
0.45266354515233853,0.8153669582711703,0,0,5
0.8433578999354764,0.11227394673821567,0,0,5
0.6210377645121017,0.10643192145244273,0,0,5
0.5434799173289214,0.3316460069441136,0,0,5
0.532425331138477,0.048318523651134315,0,0,5
0.767055992773218,0.7959868842016092,0,0,5
0.8801368780783049,0.1970367138577408,0,0,5
0.9134410836485266,0.8047502168573258,0,0,5
0.8575783007010259,0.2799442652355498,0,0,5
0.1411621505910009,0.5651314213669903,0,0,5
0.9397637396898928,0.4240014272605107,0,0,5
0.23599373997920925,0.17779990906454013,0,0,5
0.26713426752226077,0.4713621246720697,0,0,5
0.9696466242074429,0.09514414973279461,0,0,5
0.5302190891615811,0.9329802204125813,0,0,5
0.2787980479859299,0.402929811467988,0,0,5
0.6618521459300704,0.971329349675122,0,0,5
0.6977764807230294,0.602574942066822,0,0,5
0.7953912258540511,0.0997496875925441,0,0,5
0.4873162382588613,0.644962186195895,0,0,5
0.3102703011455116,0.30127552535297997,0,0,5
0.03285824785207004,0.26522708545803053,0,0,5
0.967310019231832,0.20489991657322373,0,0,5
0.029170939412301977,0.8811501256681489,0,0,5
0.27601997799853484,0.9197978010536085,0,0,5
0.7591489927960425,0.04488972984009687,0,0,5
0.45473960884066,0.42903152191619864,0,0,5
0.9191359300127555,0.28639016163197517,0,0,5
0.2080002804742338,0.8605142576793163,0,0,5
0.3720786681274718,0.41594101586774923,0,0,5
0.15424167028105706,0.5451713435074932,0,0,5
0.788965868659831,0.8499452639399445,0,0,5
0.1065468630277765,0.3226421299142742,0,0,5
0.5682707851817299,0.014353582979295343,0,0,5
0.500186556388488,0.8746183420258569,0,0,5
0.6444480250732608,0.14430342623212844,0,0,5
0.7749431071917466,0.09749507111044442,0,0,5
0.641007855872677,0.06219647544938789,0,0,5
0.9624893598588669,0.8994952765767265,0,0,5
0.661704381622602,0.959505129755434,0,0,5
0.43319447745775264,0.10272207810479683,0,0,5
0.014111001730438222,0.8818811097193289,0,0,5
0.230367579756115,0.3976344375936487,0,0,5
0.09458144002884017,0.7031497689811026,0,0,5
0.8151176595553964,0.1744357989518378,0,0,5
0.7180387291246898,0.38917551616994317,0,0,5
0.15746565907363175,0.5045022168627098,0,0,5
0.9084897706886751,0.3071091969664602,0,0,5
0.36851206949097615,0.14310916559148834,0,0,5
0.8583735422393396,0.6836029518513504,0,0,5
0.4320884235345557,0.892381995782521,0,0,5
0.5548182860196922,0.40120795645462504,0,0,5
0.6282361025879205,0.5717077894526017,0,0,5
0.32415666393522624,0.7165821410306941,0,0,5
0.17224960672205836,0.8376688409367107,0,0,5
0.5721115216361511,0.21691399973930503,0,0,5
0.3821729634847856,0.8379504116654665,0,0,5
0.16896616391900188,0.8632138070065061,0,0,5
0.8301394491127305,0.4357660351053543,0,0,5
0.21567647406706292,0.6833181620683104,0,0,5
0.9996431899777842,0.6005035668090227,0,0,5
0.857377212567955,0.6147635030122062,0,0,5
0.7642339842054034,0.1563661373260089,0,0,5
0.4161521096180473,0.8786336577632625,0,0,5
0.8160907235296683,0.5335206713230272,0,0,5
0.5655951178745545,0.7697783830304679,0,0,5
0.9803924010507994,0.7499299883260687,0,0,5
0.9875310774171614,0.9324368223765849,0,0,5
0.5139621851218656,0.07202091534833566,0,0,5
0.7928061628765117,0.3650554515875408,0,0,5
0.6977692852224847,0.9017079887894607,0,0,5
0.5229867003013103,0.6765894224947544,0,0,5
0.27522073657904944,0.9608701275648315,0,0,5
0.49440889373792873,0.298524706665953,0,0,5
0.35238156277670274,0.5261668923513655,0,0,5
0.9561688444457329,0.26023583644767445,0,0,5
0.5259832092666155,0.4131433236278469,0,0,5
0.9443573687482325,0.6541043618897974,0,0,5
0.8831566055557996,0.8289344049389468,0,0,5
0.7875311882941244,0.8794741048553066,0,0,5
0.15518313483649282,0.8843191774064567,0,0,5
0.3289078734848092,0.5554137923675944,0,0,5
0.6447636654110616,0.7869703713826706,0,0,5
0.3891918476545104,0.15396482896685437,0,0,5
0.28507507830927914,0.06447072699274226,0,0,5
0.7209481153060386,0.5792485432644863,0,0,5
0.8516911375321726,0.601847372140058,0,0,5
0.5887731807222957,0.5633088432879996,0,0,5
0.4533656828673224,0.00575083727404857,0,0,5
0.518529170181407,0.7883371890732653,0,0,5
0.005245768883838653,0.5718366559518135,0,0,5
0.7977213193690394,0.1356642033832625,0,0,5
0.38077594960527983,0.25828267927544535,0,0,5
0.5521186147340228,0.4057451137946524,0,0,5
0.2796164049598281,0.9458946576258739,0,0,5
0.6866998061288374,0.17191952430910273,0,0,5
0.8258643883219481,0.8132266625840493,0,0,5
0.3345383230414918,0.22456464874502147,0,0,5
0.2641641641835152,0.5654954371822151,0,0,5
0.38391181888889614,0.18401477539425015,0,0,5
0.8530231501031436,0.7061263534120521,0,0,5
0.3484061125899831,0.3957377858952662,0,0,5
0.32072382532110777,0.8112276088473535,0,0,5
0.5109091986441916,0.3643729840821105,0,0,5
0.9861995815398403,0.14837596210790427,0,0,5
0.29417978501044995,0.8950202617651527,0,0,5
0.32107549099953714,0.8111550542615584,0,0,5
0.9245067779733246,0.9446084355147439,0,0,5
0.6002093456551081,0.9889370184731107,0,0,5
0.9459688144597248,0.9075080363506038,0,0,5
0.5333272239876192,0.9887555352389923,0,0,5
0.945930412320929,0.3704948824007407,0,0,5
0.954352256303095,0.02425184032143712,0,0,5
0.8287598816475124,0.4555266451856438,0,0,5
0.2703459970366986,0.07396743167958364,0,0,5
0.4974646071066088,0.2775159280147491,0,0,5
0.46221092678884,0.4962080811653822,0,0,5
0.7705532480429584,0.039577967224329824,0,0,5
0.1318617298005793,0.2249490595623146,0,0,5
0.8882344984978106,0.37362820192353074,0,0,5
0.2793745545416453,0.7200893701515505,0,0,5
0.4935066339636176,0.07526112496606152,0,0,5
0.0648951785939963,0.616617753286703,0,0,5
0.46690473299460744,0.09795739833297945,0,0,5
0.22336260628028037,0.9860629471324507,0,0,5
0.8387363664645892,0.954436925628494,0,0,5
0.25832078006807035,0.7214316488369448,0,0,5
0.5012840040569809,0.869851733023553,0,0,5
0.8235994592026307,0.9552990706718201,0,0,5
0.7602584611219644,0.6984646438529937,0,0,5
0.821370225167442,0.7902336028174821,0,0,5
0.3289498700866075,0.25033109841010237,0,0,5
0.5482347038421025,0.6955655719778522,0,0,5
0.2712945545874571,0.18929578585452023,0,0,5
0.3921384645361876,0.2734133224688543,0,0,5
0.5767343764917712,0.6305582715840462,0,0,5
0.49925389808790455,0.7285604420293342,0,0,5
0.21350163119701981,0.9952094642618168,0,0,5
0.24517455579323288,0.7560273008101056,0,0,5
0.1935204649367871,0.8031124931104761,0,0,5
0.8607997687028031,0.6068810833211059,0,0,5
0.9314377790439279,0.30055274584417224,0,0,5
0.5122449329133013,0.5398350792205533,0,0,5
0.8435942984676554,0.4140320194206166,0,0,5
0.5378045375890405,0.008397319676447967,0,0,5
0.8931901008166245,0.866684738846524,0,0,5
0.059911792096806867,0.20658811986126202,0,0,5
0.07100009945362185,0.007170479342403557,0,0,5
0.2741667813431797,0.5406721956346603,0,0,5
0.09456752172009031,0.19693090976280914,0,0,5
0.40601497473194337,0.905719501750037,0,0,5
0.3285694019856795,0.7242827227027446,0,0,5
0.7739246095420577,0.5111546046504029,0,0,5
0.7341344750440804,0.558205137654567,0,0,5
0.4343658374533578,0.37092006000148936,0,0,5
0.3642782028758553,0.7582896257055416,0,0,5
0.3303343476899371,0.18594902336050478,0,0,5
0.5466199438804804,0.023952318457948985,0,0,5
0.5958904128168506,0.18222907264166832,0,0,5
0.11954847770751298,0.4023039436306589,0,0,5
0.1261735064050976,0.5804779898366148,0,0,5
0.8338455383608816,0.5845680699831173,0,0,5
0.7813460720491364,0.913737819763773,0,0,5
0.12199379824102019,0.31784911413327455,0,0,5
0.6982540517465258,0.8369968801564418,0,0,5
0.9780928578332182,0.11567130166073081,0,0,5
0.8327021981932735,0.3962696148903402,0,0,5
0.19427614098867882,0.0022419678173386526,0,0,5
0.9292965277509994,0.8393257069993714,0,0,5
0.7680919564788045,0.5053274072779472,0,0,5
0.3967414076569187,0.1324438841590735,0,0,5
0.5455359887349945,0.20939938167187366,0,0,5
0.8617983423706668,0.056263139415808405,0,0,5
0.3066368208819683,0.7177498893016347,0,0,5
0.24828673723567218,0.8360186403219977,0,0,5
0.2856421770397609,0.5913275813546064,0,0,5
0.0013255171298462987,0.6957804267024413,0,0,5
0.8851042244566599,0.46196145670119604,0,0,5
0.11951976880470339,0.285746991006811,0,0,5
0.9817399674063383,0.4067727406308085,0,0,5
0.0698339859996332,0.6839855981956428,0,0,5
0.13889628639939577,0.021741573577495843,0,0,5
0.04441748500052655,0.5269350609635681,0,0,5
0.4218964047996231,0.38632578581996424,0,0,5
0.040358395992929674,0.4738195488227298,0,0,5
0.04528682826742547,0.7239820964755729,0,0,5
0.5000733685570763,0.9443376700057173,0,0,5
0.041617089431400855,0.7611034928030338,0,0,5
0.45051141182634935,0.7360782654824706,0,0,5
0.9732937386308487,0.3770599739438152,0,0,5
0.5782560186260499,0.8598429225316255,0,0,5
0.02958399904833786,0.984160292289141,0,0,5
0.3591511631208876,0.3893650894703473,0,0,5
0.7547443220310219,0.8889576108483553,0,0,5
0.7418792705196654,0.5432931002409309,0,0,5
0.5401258509603561,0.29488478856974465,1,1,7
0.5226266631078552,0.306161965100378,1,1,7
0.5208966816133177,0.2859534320073338,1,1,7
0.5280235420874196,0.30438673549527145,1,1,7
0.4991080869663748,0.35961671745288576,1,2,7
0.5091060566369517,0.3473268089370256,1,2,7
0.497128008154425,0.36212674051647753,1,3,7
0.4793434275657693,0.3438593091273203,1,3,7
0.47106003019701737,0.35807675560934404,1,3,7
0.457432148971865,0.341915913920383,1,3,7
0.46556910886593494,0.3392362336478116,1,3,7
0.4690592304176542,0.3295633204822708,1,3,7
0.46468053235610485,0.3335486583404859,1,3,7
0.4652172756257449,0.3922772983896668,1,4,7
0.4761536159099239,0.3990473320027265,1,4,7
0.4318587590052564,0.3371855565534026,1,5,7
0.432859522008895,0.34137325294248644,1,5,7
0.4224363936855921,0.35227465006271685,1,5,7
0.451799724628173,0.33271759604219625,1,5,7
0.45094008920753403,0.37241330614924245,1,5,7
0.41077390774532296,0.3655234376006969,1,6,7
0.41831411087008274,0.3711047907978067,1,6,7
0.3500485223108505,0.36997993306397686,1,7,7
0.3702948412744077,0.3564393790221677,1,7,7
0.3480207357567226,0.358775640980761,1,7,7
0.34527533488490186,0.3640983997074074,1,7,7
0.36502978235158834,0.3461069842007988,1,7,7
0.36079937688256225,0.40457347753712997,1,8,7
0.35813733953772514,0.3830684352465138,1,8,7
0.40737659849287494,0.3918382904282871,1,8,7
0.36068725931087875,0.41443815197867223,1,8,7
0.35132473946883624,0.3892671134513559,1,8,7
0.389461651441896,0.4092909153290637,1,9,7
0.4037792797935385,0.37291023228735204,1,9,7
0.3958982755349708,0.4269465742332233,1,10,7
0.418511454394787,0.43052670920761177,1,11,7
0.8718902938415768,0.6901702383863715,2,1,7
0.8957631595617589,0.6960437784176862,2,2,7
0.8965622742694688,0.7432268947611232,2,2,7
0.8883978154243742,0.7058589622860288,2,2,7
0.8732228369668136,0.6855405396296564,2,2,7
0.8958904797116762,0.7045204209535889,2,2,7
0.8853436269346857,0.6685806585751466,2,3,7
0.907638544644292,0.7044259694540629,2,4,7
0.9649962745845944,0.6560519431536912,2,5,7
0.96075991106931,0.6753605582967955,2,5,7
0.939659714586809,0.6784645232099934,2,5,7
0.9659131155335444,0.7069673547751109,2,7,7
0.9524392608314612,0.6779838413257413,2,7,7
0.9713842523790962,0.6902650508198075,2,7,7
0.9273751607442193,0.7446065843526232,2,8,7
0.9069845819176418,0.7099542876881394,2,9,7
0.9290110037904862,0.6994510769089598,2,9,7
0.941756594408948,0.696707028095407,2,9,7
0.9402707993277284,0.6534995673839401,2,10,7
0.9046662400856277,0.6433657818702158,2,10,7
0.9306380038123506,0.6244705259784504,2,11,7
0.9031419888932681,0.6327891644083282,2,11,7
0.9265844165922691,0.6452090914863403,2,11,7
0.9196766709218146,0.6424572590387968,2,11,7
0.9225559949605624,0.6583635214321248,2,11,7
0.9092607625686548,0.6332043354827583,2,11,7
0.930224896106817,0.6178586806739389,2,11,7
0.9619746157535478,0.6251161087363898,2,12,7
0.9580169686167787,0.6407173155688629,2,12,7
0.9588499222662431,0.6655328344657262,2,12,7
0.9310809242219713,0.6266668922473352,2,12,7
0.9544143865530659,0.6497528980376515,2,12,7
0.9343500255926275,0.6464976471286292,2,12,7
0.9343737361601834,0.6375479086528565,2,12,7
0.9509072039429155,0.6161539054040561,2,12,7
0.9364477345036925,0.6467722487357623,2,12,7
0.9599251777133213,0.6417191290075641,2,12,7
0.9400146570485991,0.6395447993187284,2,12,7
0.9647886063138832,0.6826574442503192,2,12,7
0.9716273355885259,0.6738949211635362,2,12,7
0.6591433052889267,0.7079126345379321,3,1,7
0.6611068263631982,0.6911747668138597,3,1,7
0.65594203921938,0.7168488532335462,3,1,7
0.6719414246676279,0.6922699589165299,3,1,7
0.6724514179543974,0.710569820650689,3,1,7
0.6688020183197645,0.6992639767651772,3,1,7
0.6470640946920927,0.7264201646815424,3,1,7
0.651695001350387,0.7157748395811212,3,1,7
0.6713519176401543,0.6870641811767674,3,1,7
0.6623304279882944,0.6924342427691749,3,1,7
0.6877742339111007,0.7053003155789509,3,1,7
0.6711381564007782,0.7328920460212885,3,2,7
0.682220369429514,0.761217648086068,3,2,7
0.6830859163763401,0.755099993567345,3,2,7
0.6546765886380517,0.7437993330765063,3,2,7
0.654492048500327,0.7545450062927486,3,2,7
0.6233687119116874,0.7210907004929585,3,3,7
0.6417703480667607,0.7485486308028618,3,3,7
0.6369516493054681,0.7316747419333397,3,3,7
0.6534895880965174,0.7357064997321706,3,3,7
0.6216707510963594,0.7416118891585601,3,3,7
0.6617325166941386,0.73853803820591,3,3,7
0.6335408967061883,0.7702135026228217,3,4,7
0.6294227178374572,0.7598779385608436,3,4,7
0.5889272812701245,0.7965605809079502,3,5,7
0.5786898141824705,0.7818748404611697,3,5,7
0.605900983378911,0.7847088202063406,3,5,7
0.619518806415251,0.8603140488787676,3,6,7
0.6391473031703737,0.8225556526133948,3,6,7
0.6226658070364709,0.778587828904185,3,7,7
0.6328409357994376,0.78455794759966,3,7,7
0.6212584213723237,0.7595563224700483,3,8,7
0.6440208690383346,0.6945075678319181,3,9,7
0.6005646563114534,0.676196639149629,3,9,7
0.5990099344282308,0.6858173154010531,3,10,7
0.6213297898100014,0.7052085620498851,3,10,7
0.6146936433346797,0.7228597989201317,3,10,7
0.6122469224820971,0.7005109791589315,3,10,7
0.6029013930003309,0.7170366651644856,3,10,7
0.6065064998613331,0.6932164656353668,3,10,7
0.5965416648880721,0.7019381256966506,3,10,7
0.6101640940259292,0.7068291522176535,3,10,7
0.6160372767203385,0.6799010064964547,3,10,7
0.5907652291139435,0.7024870184898954,3,10,7
0.5545770546258355,0.7129341935557165,3,11,7
0.5501254786259134,0.7264246262105908,3,11,7
0.5502515293125786,0.726853726494432,3,11,7
0.5284920129528642,0.7094595625127516,3,11,7
0.5483528517808834,0.7243899128612901,3,11,7
0.5993853686586449,0.7359850012562533,3,12,7
0.5860122231465772,0.7603167345407928,3,12,7
0.6045672065434057,0.7545168717766895,3,12,7
0.581745355651493,0.7427021926761792,3,12,7
0.5849016333087668,0.7517799051593511,3,12,7
0.6002213114429926,0.7295561895028289,3,12,7
0.5745257680866614,0.7449807212768214,3,12,7
0.5943052324453755,0.7434244169194028,3,12,7
0.586493203094248,0.7302765278859802,3,12,7
0.590392154783332,0.7578561035678553,3,12,7
0.5993394640388121,0.7364641001531851,3,12,7
0.5197289222470669,0.7609848214892138,3,13,7
0.7496750155101363,0.24447839776715508,4,1,7
0.7268602460913223,0.264483647910851,4,1,7
0.7405377290099994,0.2606442575617711,4,1,7
0.7245419915505513,0.23183122484147314,4,1,7
0.7425546320467267,0.2418129069433277,4,1,7
0.7312803431070564,0.25954503906548343,4,1,7
0.730286173801838,0.25236718796383484,4,1,7
0.7147955384814991,0.21970857310307723,4,1,7
0.7249406297176266,0.24644393626523628,4,1,7
0.7160000030347841,0.23433014957067272,4,1,7
0.7064956106847438,0.25168638545684713,4,1,7
0.7404322497172959,0.25758156340340616,4,1,7
0.7506738282572916,0.22752341410038457,4,1,7
0.7186669759315226,0.21407461385226206,4,2,7
0.6869013483239835,0.2259910109853929,4,2,7
0.722575873597993,0.19290359107384358,4,2,7
0.7229136568756149,0.20499455786020845,4,2,7
0.7105005804685816,0.2183273476146435,4,2,7
0.7066685569563688,0.21113805081365675,4,2,7
0.6982390870556788,0.22500591352023155,4,2,7
0.6843839602941825,0.20936737752529583,4,2,7
0.699340624343901,0.2612007288072302,4,3,7
0.7031964823482325,0.23811715568380085,4,3,7
0.694823882778653,0.21949975130785296,4,3,7
0.7154368121821076,0.24875057389337712,4,3,7
0.719439304550624,0.2392672817663633,4,3,7
0.7052311343366854,0.20544657893160273,4,3,7
0.735209296040965,0.22355784685423025,4,3,7
0.7049858930120301,0.24371297159820668,4,3,7
0.7161483912145288,0.2491711215403122,4,4,7
0.659041764200877,0.2534464488703579,4,5,7
0.6384056680021566,0.25872661002345126,4,5,7
0.6600078604883158,0.24939308954317166,4,5,7
0.6586420738653133,0.24221946618253118,4,5,7
0.6658895295810996,0.22613958997255276,4,5,7
0.6623969177536676,0.23483915199954455,4,5,7
0.6623804541829269,0.2430304867043529,4,5,7
0.6418428052756443,0.22374417091310744,4,5,7
0.6654289031077826,0.24807820852272985,4,5,7
0.6428713393587241,0.24159661053360534,4,5,7
0.6553203750603237,0.2492474742993603,4,5,7
0.6589218836693596,0.25818583157368225,4,5,7
0.6820428562973,0.26086164095436687,4,5,7
0.6551097682132383,0.236979215205311,4,5,7
0.6625775339458259,0.23656760892351433,4,5,7
0.6649340589238096,0.23935127568509318,4,5,7
0.6552206861743866,0.24987116917341987,4,5,7
0.652062558927938,0.23391772326324514,4,6,7
0.642864104575685,0.21504725811944336,4,6,7
0.6480286647305207,0.25920962776799705,4,6,7
0.6389465934165744,0.26943006315378293,4,6,7
0.6448328765463455,0.19219248050106283,4,6,7
0.6032242263786176,0.17919387605342574,4,7,7
0.5922831963142368,0.18313255098987075,4,7,7
0.5869230212868461,0.18497623829900417,4,7,7
0.6093206461277345,0.17523268082740778,4,7,7
0.5904240050795686,0.17074796483798538,4,7,7
0.6114493740732113,0.17947860920571018,4,7,7
0.5912331720534232,0.19121868906679054,4,7,7
0.6290614468302135,0.1583036666986787,4,8,7
0.6041161233372494,0.14518659369018266,4,8,7
0.5602956360048696,0.17193115772849246,4,9,7
0.5666797153508585,0.1757378634454798,4,9,7
0.5498989183371095,0.16980241826493597,4,9,7
0.557617369587314,0.1826841524523482,4,9,7
0.5538249559572513,0.19427414873742255,4,9,7
0.5987989622697405,0.15902841534811332,4,9,7
0.5851540027048681,0.16236114446978353,4,9,7
0.5469817587773386,0.15877914481432115,4,9,7
0.3543627974604601,0.12835916422112076,5,1,7
0.4092501604827824,0.13216854002849765,5,1,7
0.3742232978471432,0.12831865976993564,5,1,7
0.3534971042969234,0.14458018448684126,5,1,7
0.38831941304272843,0.11941392185412601,5,2,7
0.395723255788408,0.0891803300091006,5,2,7
0.40455277660703803,0.10852271569151746,5,2,7
0.39720966143657466,0.10684595165248506,5,2,7
0.3960311574335196,0.09009569003048565,5,2,7
0.3856802752341944,0.1192504597610599,5,2,7
0.4475548285211577,0.10393482178305546,5,3,7
0.46314356298604237,0.12755682447780567,5,3,7
0.38971158026414215,0.11744549064506889,5,4,7
0.45024700547418367,0.1880375401218524,5,5,7
0.43692780596137115,0.16756448581764705,5,5,7
0.4361685356742752,0.21477221809476402,5,5,7
0.4129731444503406,0.20123918103586652,5,6,7
0.4040687837447494,0.1971672531148018,5,6,7
0.41421242441331985,0.22081189921072594,5,6,7
0.3957334147919525,0.22216747515313473,5,6,7
0.41784603221194405,0.21896473205077696,5,6,7
0.40717448312300236,0.18730352173605905,5,7,7
0.39694587743970056,0.19397061912796532,5,8,7
0.38737605683329535,0.18957754541403646,5,8,7
0.3853173464895687,0.16871912020862023,5,8,7
0.37147138371756255,0.18057902847984447,5,8,7
0.399670416890862,0.1954475869881852,5,8,7
0.3975208959629698,0.1971336655387405,5,8,7
0.37678354141812725,0.17193503116093142,5,8,7
0.33880474940279603,0.18035083001068358,5,9,7
0.3310534641815848,0.21511460017142017,5,9,7
0.32431886608393773,0.2073095279606151,5,9,7
0.3408676126610958,0.18194037466975851,5,9,7
0.3284756661615691,0.1979888087802324,5,9,7
0.3396136459506398,0.1828692832520603,5,9,7
0.3382357965309673,0.20079904389995556,5,9,7
0.3213420838283473,0.19552727858474342,5,9,7
0.3073078693554961,0.20012688444481433,5,9,7
0.3436834332615453,0.21542361185402842,5,9,7
0.3368238250431796,0.15555195854460266,5,10,7
0.3519522706982961,0.11686908356694152,5,10,7
0.3449009667466098,0.1387674631677882,5,10,7
0.364344071178136,0.15511129225047027,5,10,7
0.32481931147275483,0.11107078351115027,5,10,7
0.3532607541581807,0.1590841836997133,5,10,7
0.37464073632143075,0.1370980103296911,5,10,7
0.3565442861524504,0.17450341918522733,5,10,7
0.36419551089772173,0.17683327601894844,5,10,7
0.26105976949052406,0.45191125963399414,6,1,7
0.2601674237346672,0.4486507290448072,6,1,7
0.257394611812169,0.45146112721289994,6,1,7
0.2270006683118085,0.41649214515701666,6,2,7
0.21761535911445165,0.4097085008733148,6,2,7
0.21581366992396356,0.4481537847135253,6,2,7
0.1906763075317191,0.4051430296336685,6,2,7
0.22990253559441493,0.4118106513480635,6,2,7
0.21842476369459016,0.42330693610211634,6,2,7
0.24453120248471533,0.41939720914083245,6,2,7
0.2394818658220927,0.42835920368522484,6,2,7
0.23947879826913593,0.4393266290684226,6,2,7
0.23007077360444605,0.4198931675883043,6,2,7
0.2545401146018085,0.4221588102990182,6,2,7
0.23147193551693862,0.41112782895743766,6,2,7
0.2495926120523031,0.47668413333695225,6,3,7
0.24809036995354022,0.48999159760053745,6,4,7
0.21070530718262015,0.5043343330673451,6,4,7
0.23061547965848328,0.486055815364732,6,4,7
0.2109252043328763,0.4940362469469402,6,4,7
0.2080543354247092,0.5096412308857611,6,4,7
0.20906679035678438,0.49141676140692436,6,4,7
0.2233975346379041,0.5053222196996847,6,4,7
0.22228353265406905,0.47794825034004557,6,5,7
0.2028349557568842,0.477049173020249,6,5,7
0.22837827047176545,0.47753256308416686,6,5,7
0.2305545956136247,0.5051041677450915,6,5,7
0.23950359605215707,0.46997954276330306,6,5,7
0.23588677309355716,0.4957859893589318,6,5,7
0.23230262642787378,0.4421841376561682,6,5,7
0.2549495432284167,0.4793420198444363,6,5,7
0.2458545705630719,0.46993925445460455,6,5,7
0.24779984419611048,0.4995682640371975,6,5,7
0.2762665229347881,0.5081603941383361,6,6,7
0.26053463184991255,0.5038511535487145,6,6,7
0.2592147092734745,0.537928938563354,6,7,7
0.7820336188460137,0.48434696940604727,0,0,6
0.029500488523090732,0.5028854980729078,0,0,6
0.36933654418062634,0.7083363776895798,0,0,6
0.9646144303861826,0.4246052600271636,0,0,6
0.5697511572014721,0.05424153487903871,0,0,6
0.583227430413758,0.7626026284902263,0,0,6
0.6088401008148236,0.3326039909818126,0,0,6
0.24514651073340965,0.8837673698832592,0,0,6
0.40156815783245037,0.2855704607456153,0,0,6
0.043113882679236104,0.1715875436955675,0,0,6
0.9653577569374194,0.9966348452140564,0,0,6
0.64910835497904,0.061993974061479995,0,0,6
0.6491581886939937,0.9700308475807813,0,0,6
0.17155723097841435,0.22301394427696386,0,0,6
0.7781010580557259,0.7657651614573088,0,0,6
0.0073259034358017505,0.17606508968416346,0,0,6
0.9103394031933424,0.6160866060020972,0,0,6
0.21055177705054207,0.6706520795618582,0,0,6
0.6578218162575573,0.717456291099771,0,0,6
0.9970751694804302,0.45782179042311344,0,0,6
0.4780883230001427,0.4142781067950597,0,0,6
0.3128670347846835,0.05344596383944211,0,0,6
0.5686813872693309,0.6296234659306316,0,0,6
0.07880188493034279,0.23217323144930901,0,0,6
0.758134809312883,0.9964684142657382,0,0,6
0.13340784746414036,0.8964948970908073,0,0,6
0.44336381063305175,0.12569013659871986,0,0,6
0.14311279714991387,0.01115466692299738,0,0,6
0.7310464800884501,0.5561349920971003,0,0,6
0.6428349460485961,0.3133099341480634,0,0,6
0.5900988553479453,0.059522730598174034,0,0,6
0.07964384749281195,0.364944566748033,0,0,6
0.010173179269954424,0.572785006498384,0,0,6
0.547076996135693,0.973036448787725,0,0,6
0.03065329699077268,0.5888940858101268,0,0,6
0.09790503249991322,0.7242555766564547,0,0,6
0.25590261345058585,0.9584960143872443,0,0,6
0.16499167408749182,0.7332744981454067,0,0,6
0.7364846263757805,0.7063634992215928,0,0,6
0.037883797577353835,0.9070680786872408,0,0,6
0.7757283018391465,0.6002012140077959,0,0,6
0.23634891394317248,0.4386341214357662,0,0,6
0.5586671147479426,0.2994018469491152,0,0,6
0.8047752843617688,0.8175745897003717,0,0,6
0.046392254691640766,0.6700042363127552,0,0,6
0.4640611417393633,0.4576041536107215,0,0,6
0.4258964126073219,0.9224340400681883,0,0,6
0.9891802007049236,0.9628084041626799,0,0,6
0.7634955365549431,0.2602323720324693,0,0,6
0.4734359892524479,0.5647715143547678,0,0,6
0.8085637984262684,0.3333290548035314,0,0,6
0.4501452372773582,0.8353255330503019,0,0,6
0.6752736771017663,0.007705412780679488,0,0,6
0.22357173400479669,0.9560015370836655,0,0,6
0.23307681912406608,0.8577801530225045,0,0,6
0.8100906031391988,0.427588354559315,0,0,6
0.9807312613538678,0.3366607882992948,0,0,6
0.2996720852229019,0.5276015114659153,0,0,6
0.7034489498586662,0.5692861960820169,0,0,6
0.18744814578917757,0.45892118852394637,0,0,6
0.9030362510030648,0.2542720793353743,0,0,6
0.6675424514556911,0.9645460669741465,0,0,6
0.27823196441042564,0.6385130426615608,0,0,6
0.8695694209203141,0.5659847475785122,0,0,6
0.4192618231866355,0.7668243331805352,0,0,6
0.4644079945821433,0.20430122353788227,0,0,6
0.13475233414582422,0.18099628049606975,0,0,6
0.6723290123870007,0.1906651056648485,0,0,6
0.07025868964247584,0.5759474551609143,0,0,6
0.44076722850569183,0.8868940194180464,0,0,6
0.19289114309253808,0.5540166251602247,0,0,6
0.072481049923798,0.7938000195276935,0,0,6
0.8833842742799063,0.9893306518519631,0,0,6
0.1930860201526715,0.6709380869209605,0,0,6
0.5221968259983715,0.29139867478348225,0,0,6
0.9916078875232444,0.36042170616021185,0,0,6
0.9861168712844829,0.5644718403067241,0,0,6
0.5454218255859081,0.6145813677063471,0,0,6
0.3944378921990004,0.0134052635529075,0,0,6
0.1391410169388584,0.9725689545582908,0,0,6
0.8466171960800957,0.36703942730445405,0,0,6
0.8511744744724627,0.08196997713600884,0,0,6
0.11356795915033913,0.4509372150070464,0,0,6
0.26882296565618125,0.255214800546822,0,0,6
0.16236503377402112,0.881493439200818,0,0,6
0.17442868794889665,0.8937447354571091,0,0,6
0.24597531505580428,0.4090124008590602,0,0,6
0.18846721730715454,0.401261823271839,0,0,6
0.5998557505656138,0.9530759343666336,0,0,6
0.6612303425128238,0.9371154676770378,0,0,6
0.5845734832114172,0.06311825901360146,0,0,6
0.7170247523179386,0.19256030709685912,0,0,6
0.3681746503695927,0.10442156735333173,0,0,6
0.6659089598892909,0.12098595135869206,0,0,6
0.23884727257207516,0.6483028089630986,0,0,6
0.7505776984550425,0.2860024058186499,0,0,6
0.3134903881498483,0.8743800659712792,0,0,6
0.3136724184782502,0.6999222419864763,0,0,6
0.010897561190513994,0.3979139677062403,0,0,6
0.30637395135297196,0.025083570053249904,0,0,6
0.9762496995558612,0.6034318750920138,0,0,6
0.8773665783066403,0.3181069090143075,0,0,6
0.47742642387241374,0.11480335330239977,0,0,6
0.08017357992924223,0.5937255403998415,0,0,6
0.9443993197988063,0.1717787116218793,0,0,6
0.21099230894729648,0.9494871943271949,0,0,6
0.25145853787002126,0.7215098771566425,0,0,6
0.4573632689379,0.20302325639540475,0,0,6
0.5468283558045909,0.901207346160893,0,0,6
0.07277395185175262,0.170078263733629,0,0,6
0.5164128814884428,0.8462175582192758,0,0,6
0.136839230712956,0.6209897385736987,0,0,6
0.24506513020274379,0.4330071444454143,0,0,6
0.8368464578516797,0.0930990160376981,0,0,6
0.9368907460702249,0.9720267777451471,0,0,6
0.34204741843652897,0.6366208466761424,0,0,6
0.40742497690342605,0.10260042293784588,0,0,6
0.7041601472832104,0.7384376839985328,0,0,6
0.818909908955043,0.2800671610298152,0,0,6
0.6610804861914956,0.34895507270541937,0,0,6
0.814605206080205,0.42970272887136196,0,0,6
0.5324997798550621,0.8761921581549669,0,0,6
0.04337828244058628,0.6665279065580024,0,0,6
0.6083864726999273,0.5718156631506092,0,0,6
0.5254008218331898,0.24912623726162486,0,0,6
0.8762888211240011,0.19109199167776691,0,0,6
0.4791546110480097,0.7687750918290521,0,0,6
0.45965832592400657,0.00044114971283981674,0,0,6
0.9570751980384327,0.8290403578466897,0,0,6
0.2528555355843043,0.8625487258042267,0,0,6
0.17214712567845936,0.2106699394796272,0,0,6
0.7865368229518268,0.4899821521850253,0,0,6
0.8626305134893298,0.8158566888941512,0,0,6
0.05400466103049251,0.9657387473452518,0,0,6
0.30783974787179946,0.9751783248478462,0,0,6
0.4739629494627201,0.9731397574950382,0,0,6
0.4288800672448363,0.4354864638813152,0,0,6
0.9454731319666633,0.8889057405237125,0,0,6
0.9159416768214025,0.8073039164526612,0,0,6
0.03231829206290637,0.6334230386470173,0,0,6
0.0456994811127176,0.10966703994478977,0,0,6
0.024023611944424483,0.019559847353551655,0,0,6
0.34186845629126794,0.9368895319424517,0,0,6
0.4701546002540351,0.03050337702110084,0,0,6
0.5718739908059345,0.23675082925928792,0,0,6
0.44921821590103495,0.7290404940129219,0,0,6
0.25836580978588236,0.34895441880496836,0,0,6
0.9197908277152632,0.9500862477888748,0,0,6
0.40986750806777994,0.5995080475739929,0,0,6
0.12292217551300166,0.8599112805884753,0,0,6
0.47600836806225233,0.5520508159958286,0,0,6
0.3354775305033503,0.47793184432135827,0,0,6
0.6613405564389291,0.5300490444826454,0,0,6
0.4440349887604633,0.9558135078999461,0,0,6
0.45700350378328536,0.7199556534781627,0,0,6
0.827917677438979,0.07497475540992515,0,0,6
0.6637366411025895,0.02327871381014979,0,0,6
0.6436095257921587,0.9940436999572939,0,0,6
0.32310805623238104,0.028299675312887462,0,0,6
0.7693425125488588,0.40469866240769203,0,0,6
0.2860548460383978,0.7174881586850502,0,0,6
0.6715589806527723,0.3380256882817714,0,0,6
0.10947769078668634,0.6613830373997173,0,0,6
0.1365402782383044,0.6638546483861464,0,0,6
0.6462187168856105,0.6177377239024712,0,0,6
0.9361754478734813,0.10348404105999343,0,0,6
0.2981224115056659,0.5222333476743454,0,0,6
0.4922315062297695,0.5075408229088914,0,0,6
0.10181073099015281,0.8771381173677191,0,0,6
0.12917313549740317,0.7360243799423132,0,0,6
0.2850928131565319,0.24212572526164666,0,0,6
0.2971123716117119,0.18972249495439963,0,0,6
0.16631386717288466,0.41938405904228193,0,0,6
0.40452714022560043,0.9686855928323997,0,0,6
0.12796228567210788,0.5793623548295423,0,0,6
0.22140940376523532,0.13115517658387998,0,0,6
0.6843558075833834,0.5247678179130472,0,0,6
0.5392705798145963,0.11567994164382756,0,0,6
0.2728807398928691,0.8187369652665043,0,0,6
0.6394167916550505,0.2880491238326158,0,0,6
0.4813439630684154,0.5719649992719132,0,0,6
0.8589152921288666,0.03743575656819908,0,0,6
0.6518866455828524,0.42595865382361187,0,0,6
0.2760235588515416,0.7987774424404993,0,0,6
0.8765488314822852,0.2985839586196899,0,0,6
0.2623390709016614,0.15894060167427226,0,0,6
0.37652711904721625,0.9821630070085011,0,0,6
0.8311639362402548,0.5014765959478712,0,0,6
0.8000675241616041,0.11388766469170686,0,0,6
0.9126965172266075,0.3875214615793383,0,0,6
0.7725549911954763,0.8486691236293054,0,0,6
0.4968714350960808,0.755655902761703,0,0,6
0.6360364890847536,0.23867932955791316,0,0,6
0.20966016735589565,0.9692217791287429,0,0,6
0.07738516713910483,0.02029771084872556,0,0,6
0.6428921190268935,0.5691330782683761,0,0,6
0.19789104219946974,0.9886571222963498,0,0,6
0.865086462746771,0.37687880711182964,0,0,6
0.38783307502093767,0.06896500281354523,0,0,6
0.5917871670029696,0.9925566259908972,0,0,6
0.3069055575559748,0.1614750679658944,0,0,6
0.25014545474656247,0.4072740109282239,0,0,6
0.4465281891906623,0.6732380148285934,0,0,6
0.9937859967709628,0.6922339338419478,0,0,6
0.4812242271242789,0.9082460505121818,0,0,6
0.6206845047120837,0.33455173677568584,0,0,6
0.09623679500187876,0.6047619874438738,0,0,6
0.5303461800281796,0.7603669465379465,0,0,6
0.1246872717928812,0.416885890515463,0,0,6
0.22570459272169374,0.2683646319966544,0,0,6
0.048789332117577966,0.678105104231675,0,0,6
0.35371991109999323,0.5634295310236686,0,0,6
0.265906673388969,0.4790302714093013,0,0,6
0.9377564582184308,0.40206876399104186,0,0,6
0.8943575391121484,0.3037650243595681,0,0,6
0.629515512396286,0.041081719893927504,0,0,6
0.12603299248757338,0.12178308819699601,0,0,6
0.38216120236341444,0.21549298964789576,0,0,6
0.029359652660281513,0.6092983312756948,0,0,6
0.19739303313352852,0.6182527342537297,0,0,6
0.7960204324550444,0.4147830863989712,0,0,6
0.011395676357609297,0.9244219823725788,0,0,6
0.7800108234628329,0.48330911441565505,0,0,6
0.5230289185042323,0.6623380066127392,0,0,6
0.5292592513882678,0.3098051802315265,0,0,6
0.2972215465586373,0.6080791222615096,0,0,6
0.2800592735624817,0.9580065780700107,0,0,6
0.9552165128928848,0.06374753750526463,0,0,6
0.14123028204657262,0.7106993353972695,0,0,6
0.4063148825051832,0.001949137595169681,0,0,6
0.39241303445789943,0.3712425522770586,0,0,6
0.3664698177946313,0.5266016407764949,0,0,6
0.39299036430402623,0.786163314488722,0,0,6
0.5177440790186968,0.8585595626102223,0,0,6
0.7937664331396996,0.370615146332286,0,0,6
0.7767279355383419,0.5255156034458793,0,0,6
0.3623825221801985,0.1509385258380217,0,0,6
0.2213072036139676,0.5324900993224545,0,0,6
0.9942890786970023,0.3306230927501541,0,0,6
0.06647197901839408,0.5414918078544653,0,0,6
0.5572304913040599,0.42351923116839285,0,0,6
0.6595669394035448,0.009883560924570212,0,0,6
0.9465603079774754,0.9975321834410533,0,0,6
0.3167514274858634,0.16065501066049737,0,0,6
0.47139288530130097,0.874204520999233,0,0,6
0.009367752434551345,0.7807725726499802,0,0,6
0.760061917772179,0.9185617468137609,0,0,6
0.9582748108198301,0.2625005092101391,0,0,6
0.9477762007821545,0.368738760815717,0,0,6
0.1644790143980872,0.06308868488671115,0,0,6
0.8839323939302074,0.03916033603272106,0,0,6
0.14448803523490872,0.07857060056831289,0,0,6
0.7369181544543344,0.021267512043197878,0,0,6
0.33942701002677134,0.23682565246661114,0,0,6
0.851897152557892,0.8129175352520072,0,0,6
0.22104845282829177,0.4817832204041341,0,0,6
0.8805041417614898,0.1359718338060255,0,0,6
0.7888216074756226,0.2335476228215848,0,0,6
0.5542948348300518,0.16511356189136417,0,0,6
0.6231800621573711,0.9910944387086659,0,0,6
0.9334840621129309,0.7839590321689781,0,0,6
0.17317593326818514,0.23317045283283433,0,0,6
0.6367161947784997,0.2225254463926667,0,0,6
0.371207117840443,0.35679679693554966,0,0,6
0.21676631850684658,0.11297473783644452,0,0,6
0.32934904155823197,0.31474749123955037,0,0,6
0.47919376608212627,0.947367783983533,0,0,6
0.8072943752244468,0.8051168556230943,0,0,6
0.20707395087214686,0.11939790236313663,0,0,6
0.7684448416586893,0.3538856176402836,0,0,6
0.8781296289379166,0.3606079631166065,0,0,6
0.195934790964321,0.9953619307968413,0,0,6
0.4564109214359271,0.33316701687693917,0,0,6
0.4688434592393754,0.9607893751244029,0,0,6
0.14225489386015722,0.0832326928184264,0,0,6
0.33008901413957026,0.351478394825699,0,0,6
0.44420881499737974,0.2037765368418848,0,0,6
0.6440928983360503,0.2607929364331014,0,0,6
0.9277943655993016,0.3983406348153291,0,0,6
0.6706401399423412,0.8357325971953312,0,0,6
0.16276430501853045,0.965067362933311,0,0,6
0.6161572033234607,0.1279677063739283,0,0,6
0.7648005102505449,0.5204451344733318,0,0,6
0.34045748778819634,0.5916932121811296,0,0,6
0.857480102565092,0.6771900762273008,0,0,6
0.752103537638394,0.628474132951353,0,0,6
0.06149704663588573,0.30884432951347085,0,0,6
0.6401509813288274,0.24718240405205139,0,0,6
0.018144569016043666,0.2582713452234794,0,0,6
0.6866705845280431,0.7901365326576679,0,0,6
0.19847594860852513,0.6105997264332431,0,0,6
0.2655703356615735,0.502764984808458,0,0,6
0.6846018644008912,0.15156819569502455,0,0,6
0.21778903608060107,0.6875390400512635,0,0,6
0.3079189047246662,0.16831249976034446,0,0,6
0.050709685245912794,0.7596764242562075,0,0,6
0.5051483669521432,0.16685359584740367,0,0,6
0.6794364353305846,0.9898502999563698,0,0,6
0.44259452588118753,0.6994014740527351,0,0,6
0.5369485162134419,0.9656746280468402,0,0,6
0.848001398858936,0.04312453780682224,0,0,6
0.8491403443793437,0.4745295197613103,0,0,6
0.02574533419720082,0.8637797311977923,0,0,6
0.6565992732398996,0.15563936795096867,0,0,6
0.6970604561532091,0.7878604886197198,0,0,6
0.8155429941324318,0.29749801456730796,0,0,6
0.12231287419834147,0.8221882265461576,0,0,6
0.816639816507061,0.22763435767166607,0,0,6
0.4012992147454061,0.09972260148373746,0,0,6
0.4105984748265362,0.8630373880014465,0,0,6
0.35769532393562786,0.9970885373621318,0,0,6
0.7942160856181322,0.13191993664507917,0,0,6
0.7504283713218077,0.4785337525460379,0,0,6
0.2687960806099631,0.6614774163950995,0,0,6
0.08139212657232164,0.13377353044113405,0,0,6
0.5077699537576317,0.1371184398238403,1,1,8
0.5325199699713037,0.1240310566679697,1,1,8
0.5128308926694617,0.12123218227565963,1,1,8
0.5040099202434501,0.1388739679179791,1,1,8
0.5145626498121469,0.15922947485275735,1,2,8
0.525789464338481,0.1666988984569273,1,2,8
0.5262149273722848,0.15798895775275915,1,2,8
0.5122341835962357,0.15501552685148978,1,2,8
0.48597550482672597,0.17383531694029425,1,2,8
0.5069570903394686,0.14938018988892707,1,2,8
0.5027375148222772,0.16731658741830321,1,2,8
0.4775060295495406,0.18006127682553558,1,2,8
0.5335087525863828,0.22181621259158985,1,3,8
0.5176458524007915,0.20094837510497682,1,3,8
0.5157351038134909,0.21680827450953524,1,3,8
0.5287042328546752,0.20027350923963722,1,3,8
0.5276276508593972,0.2010549995763948,1,3,8
0.5370736945272462,0.17734153089948984,1,3,8
0.5223765505706259,0.20045224643252635,1,3,8
0.5123076367837882,0.1929785974704225,1,3,8
0.5417039947948584,0.18822257983218582,1,3,8
0.5551262290696745,0.2219726874173984,1,4,8
0.5469535379475731,0.19616437659609542,1,4,8
0.5321100300704338,0.21490487302494854,1,4,8
0.5315912359820657,0.2269514664031988,1,4,8
0.5689607962476821,0.16240531693731433,1,5,8
0.5744235604614085,0.1693232167972099,1,5,8
0.5779072050878772,0.18959217308790927,1,5,8
0.5682997035945173,0.16135705608969278,1,5,8
0.5943138734881677,0.17375559366340196,1,5,8
0.589437477491876,0.19249774753725757,1,5,8
0.5914923298096183,0.17051752918717786,1,5,8
0.5910253473563755,0.17226290456838844,1,5,8
0.6007135641039297,0.15484165202393113,1,6,8
0.6102381679206043,0.14333900574252978,1,6,8
0.6241735153395856,0.1706480155312686,1,6,8
0.6611605941259151,0.17052657297737536,1,6,8
0.6210321445968061,0.15687803979894482,1,6,8
0.6331501062633572,0.12476162704882617,1,6,8
0.5743411345601784,0.15960956934017798,1,7,8
0.5614235573806243,0.15064769683016424,1,7,8
0.5490234268665428,0.15041476351504202,1,7,8
0.5365918120946174,0.18632162201161748,1,8,8
0.5270650257982982,0.1789619282660158,1,8,8
0.5559054205477614,0.19542010682906832,1,8,8
0.5515154314105245,0.2053047029133407,1,8,8
0.38406068082222045,0.419605881506305,2,1,8
0.3525365545538136,0.3966682607652214,2,1,8
0.3556333891751939,0.3899543027220268,2,1,8
0.37206228343615094,0.39618734658276417,2,1,8
0.3736787081561899,0.41165016593208037,2,1,8
0.37908135538647053,0.3997416859300173,2,1,8
0.3175569483715619,0.4078020911826449,2,2,8
0.3124971709356167,0.42408755214608196,2,2,8
0.3329016422485716,0.3944229991864463,2,2,8
0.3088708079637262,0.3785810353719238,2,2,8
0.2954710823356144,0.42640404117201514,2,2,8
0.30669779999937397,0.4160368381538959,2,2,8
0.30935396771649226,0.4157369333525979,2,2,8
0.32085092166892315,0.4345846333479732,2,2,8
0.3382579964478756,0.41824026232778183,2,2,8
0.3120304889261394,0.4384321364263173,2,2,8
0.327081153360832,0.4185591358160333,2,2,8
0.3108522445964545,0.4091684770059762,2,2,8
0.33466419379220386,0.40725818012132803,2,2,8
0.32972107345269563,0.4014796217920502,2,2,8
0.29821981583371915,0.4141292373984584,2,2,8
0.33828439093481844,0.3740967047861666,2,3,8
0.34278897429088284,0.3774630724206448,2,3,8
0.3182387799186511,0.39392362649867063,2,3,8
0.3169164960521362,0.36541682243017815,2,3,8
0.35009241507576655,0.35799470225284985,2,3,8
0.2851567643358169,0.37707661789023683,2,4,8
0.26706701497144797,0.3681474696873408,2,5,8
0.2616549771031886,0.36943305417521244,2,5,8
0.263730282935964,0.3469231805181486,2,5,8
0.3224262863435805,0.3795404315041791,2,6,8
0.35367822300553325,0.34369652970309506,2,7,8
0.31814147740977594,0.3168605682347959,2,8,8
0.3399492811145228,0.37465616360923515,2,9,8
0.34673759199238746,0.36692326284242877,2,9,8
0.34261250414885475,0.35923428675764724,2,9,8
0.34449856698909387,0.35541369218090346,2,9,8
0.3311069462708645,0.39197614620591853,2,9,8
0.3471998064569926,0.3842350107443551,2,9,8
0.32364499694469495,0.3487263215517273,2,9,8
0.3657728993018948,0.4335417396468193,2,10,8
0.3747384195541557,0.43512252336823876,2,10,8
0.36964956035306795,0.4157080406077478,2,10,8
0.3178900733997502,0.4511785592453062,2,11,8
0.3407022093089151,0.4702438914908002,2,12,8
0.3284391641632796,0.4505413268334084,2,12,8
0.350614889604185,0.4602889710874099,2,12,8
0.33692725549052105,0.4625048691549957,2,12,8
0.3511843467406236,0.49238401580050006,2,12,8
0.33895808485038487,0.4731712671031581,2,12,8
0.34542614742631667,0.47096566743735274,2,12,8
0.35007186764437537,0.48017955454702543,2,12,8
0.34126008206965364,0.5072574842758181,2,12,8
0.35112806603533925,0.5011977642991841,2,12,8
0.3532394377377877,0.49522720524269304,2,12,8
0.3474321120114739,0.4891296095736565,2,12,8
0.36239056453501656,0.4682690491043682,2,12,8
0.3513649731538997,0.4577221236780718,2,12,8
0.37438355949585933,0.5025061971964513,2,12,8
0.34984030285346035,0.4549475611988097,2,12,8
0.3515843900596622,0.49488097185070407,2,12,8
0.3705610693867602,0.4931170799666669,2,12,8
0.40652004695162625,0.1632741695395994,3,1,8
0.41167981574395845,0.15539723854960075,3,1,8
0.40557911247720285,0.15388697054571848,3,1,8
0.35812009743631096,0.1694710666548801,3,2,8
0.37929105214429276,0.14495018041236535,3,2,8
0.35474883696312237,0.16904847443867732,3,2,8
0.33145043910728744,0.1662741210280921,3,3,8
0.3399868542739691,0.20611038102457716,3,3,8
0.33531119210965554,0.14026672539204876,3,3,8
0.3316695084096347,0.15268104148092912,3,3,8
0.37413936484677784,0.15371624589943034,3,3,8
0.34802159507367764,0.17659607560403617,3,3,8
0.3552093502517545,0.18566603030878398,3,3,8
0.33661638542467276,0.14376607372252317,3,3,8
0.3726972657492941,0.1555852350341707,3,3,8
0.3676302222071353,0.16975423011093635,3,3,8
0.36704099628726106,0.19207575442144412,3,4,8
0.3369841223183847,0.17378081354899627,3,4,8
0.411072563289462,0.18341935367246887,3,4,8
0.3943896530391362,0.21008345327935543,3,4,8
0.3936925596433459,0.1654152813219824,3,4,8
0.4020663816389819,0.19252704192507897,3,4,8
0.3654907289685226,0.1880415507990242,3,4,8
0.4104525763287063,0.19067323160476643,3,4,8
0.3974912297237166,0.17377727024636724,3,4,8
0.3987854051027266,0.21746262533430752,3,4,8
0.38680499270610436,0.17140316711633993,3,4,8
0.4461766755216155,0.13259618941286108,3,5,8
0.43622336394408334,0.1452079529117126,3,5,8
0.4085795631038571,0.16656374029362683,3,5,8
0.4225145229849359,0.16059020954934322,3,5,8
0.43443770586676006,0.13979146147688895,3,5,8
0.4124396814721855,0.1448360064768529,3,5,8
0.4138576079363143,0.13272534349879536,3,5,8
0.4347794155780988,0.15808120329937508,3,5,8
0.4150057319137753,0.16833468962621176,3,6,8
0.38171022134041765,0.17842636861906783,3,6,8
0.4211451891456935,0.1769540325895633,3,6,8
0.41392566453939045,0.17111897520635896,3,6,8
0.4028357444864207,0.18723053892260696,3,6,8
0.416371372191695,0.207515128345086,3,7,8
0.416088975647763,0.21507669711605432,3,7,8
0.40354922420869527,0.22207249729068054,3,7,8
0.3942052128160046,0.2342430418847904,3,8,8
0.35647407885888693,0.2361558077183546,3,8,8
0.3367854974120606,0.21609655301719088,3,9,8
0.29925686803004614,0.20624493733701674,3,10,8
0.3170631408395578,0.19620759741903102,3,10,8
0.3177149494003929,0.19678246116813639,3,10,8
0.31801955402702997,0.1857763606987853,3,10,8
0.2798472183263872,0.22718743100255256,3,10,8
0.2995598650569761,0.18765717745135788,3,10,8
0.32173317867998247,0.21204500849877925,3,10,8
0.30253490892178403,0.18406645389075552,3,10,8
0.31444541165722234,0.20848025220253166,3,10,8
0.5508057066641278,0.18347256212993335,4,1,8
0.5741654868527837,0.205299456065238,4,1,8
0.5776367069722702,0.19767049869271072,4,1,8
0.5520378305103105,0.18940543556559278,4,1,8
0.555155653134227,0.20706754734139055,4,1,8
0.5555076021680304,0.19328033623498736,4,1,8
0.5266008704920169,0.18021768167217697,4,1,8
0.55889643430826,0.21214621643703713,4,1,8
0.5333590041222609,0.18157647898060922,4,1,8
0.5661603040482156,0.20650151059594574,4,1,8
0.5603889435573497,0.2178579931855417,4,1,8
0.551908528478888,0.19750025548781275,4,1,8
0.569872662454296,0.19397846786194298,4,1,8
0.5520699159059796,0.18412767158233687,4,1,8
0.568304407383036,0.2191578228339849,4,1,8
0.5696999538759621,0.16964991309418248,4,1,8
0.5517820211132817,0.1776804019870276,4,1,8
0.5833943869043007,0.17651947590669245,4,2,8
0.6214187364875824,0.15228370128529106,4,3,8
0.6708200461865536,0.13183626476346655,4,3,8
0.6467557138070176,0.16180067991890423,4,3,8
0.6219668807365079,0.15997485861833713,4,3,8
0.6084950348266075,0.13539098591736853,4,3,8
0.6199632668571431,0.15718631286466855,4,3,8
0.5978838581825933,0.16111104296048592,4,3,8
0.5987187343984304,0.14697248560029458,4,4,8
0.6079780046324514,0.08396320606613325,4,5,8
0.6384623597166567,0.13424584905953266,4,6,8
0.6185201555224005,0.0960016741189936,4,6,8
0.6092513959121706,0.09035569611703921,4,6,8
0.6799012750143839,0.10194701851996142,4,7,8
0.6632975493281681,0.10452918994466173,4,7,8
0.663940865526535,0.09780669701130797,4,7,8
0.6645119373562706,0.09898288261271693,4,7,8
0.7028133910817814,0.0972793008680168,4,7,8
0.6709510918394026,0.0914717699841943,4,8,8
0.6557391002793562,0.08886520262358433,4,8,8
0.6621223446449236,0.05888020161719926,4,8,8
0.6439130134998056,0.09775583272076305,4,8,8
0.6451379686478378,0.07281923466258958,4,8,8
0.6479404350551674,0.0480121303941851,4,8,8
0.6402748608385528,0.10937934523942525,4,8,8
0.6906694980958539,0.0660800701220123,4,9,8
0.2426529407315748,0.6904157181579276,5,1,8
0.27732425491508433,0.6430428133763417,5,2,8
0.25330241847026674,0.692022268269965,5,2,8
0.22621768682999907,0.6738457916487456,5,2,8
0.2518977929532454,0.644096448112488,5,2,8
0.262498589709064,0.6626898018045758,5,2,8
0.2623999341650469,0.6415113240646361,5,2,8
0.31130212370396826,0.7110339711674025,5,3,8
0.2808124846479305,0.7023058462532713,5,3,8
0.30290461723908624,0.6849202294247998,5,4,8
0.30080605197886046,0.7108062534895114,5,5,8
0.33379382968500787,0.682686735430278,5,5,8
0.3069996756183479,0.6969645908459217,5,5,8
0.2892608728999232,0.6907968979084834,5,5,8
0.29225444564431424,0.7269200135409449,5,5,8
0.2966930215393752,0.7062416731941338,5,5,8
0.32437429449946764,0.7259382491201567,5,5,8
0.29698304171916434,0.6891476000067678,5,5,8
0.29485389738422835,0.6998573477069864,5,5,8
0.31884319590703025,0.7167861690004872,5,5,8
0.32954531841408763,0.7053486524772533,5,5,8
0.3265241831157958,0.735220233376583,5,5,8
0.29129266735227455,0.7023841698689812,5,5,8
0.30051489542516197,0.7187509280624652,5,5,8
0.3090135216640902,0.7050325749932382,5,6,8
0.36154678352094116,0.6816952791605974,5,6,8
0.3585415925764219,0.6769961446300455,5,6,8
0.3272660537561524,0.6688409863108071,5,6,8
0.34986939588508525,0.7019298989379837,5,6,8
0.3157419505889599,0.706358729389766,5,6,8
0.33540373744092156,0.6842179293076831,5,6,8
0.3207626124748051,0.7479573480063175,5,7,8
0.28527012522193834,0.7246938314981894,5,7,8
0.3147091000997605,0.7176304962207228,5,7,8
0.3074263139545034,0.749703009491504,5,7,8
0.30255937177531045,0.7388490740580508,5,7,8
0.7547131845635094,0.21140517936893316,6,1,8
0.7627748066654434,0.17017148608835697,6,2,8
0.7810741323497623,0.1905848097351428,6,2,8
0.7893139856849058,0.1736020607422209,6,3,8
0.8121748156439748,0.1811855195830994,6,3,8
0.7960106609880828,0.1873699260750126,6,3,8
0.7758540232264646,0.13378594199716942,6,4,8
0.7476170816085209,0.1377121671025758,6,4,8
0.7632767667045528,0.1632517569172244,6,4,8
0.7800054844926461,0.12021412807055319,6,4,8
0.7466991372433822,0.13381215650503472,6,4,8
0.7690108271032968,0.14749165748158813,6,4,8
0.7518793920995229,0.17895268183690752,6,4,8
0.7676123304571308,0.1346744254200231,6,4,8
0.7331620303129383,0.12969447025588496,6,4,8
0.7927873155414593,0.14711225704154424,6,4,8
0.7276298919034396,0.13404187567804268,6,5,8
0.7379145488615727,0.12018507809878426,6,5,8
0.731890532157442,0.11933224552190129,6,5,8
0.687193806507373,0.15656364206826395,6,6,8
0.7258369311881991,0.15544599108056878,6,6,8
0.6868155680097826,0.17100163609356409,6,6,8
0.7024818811721848,0.1462540164402545,6,6,8
0.7186580903673826,0.1287660379764025,6,6,8
0.7205769801282376,0.10952065977107739,6,7,8
0.7324372574047125,0.11593709466362102,6,7,8
0.7180807101883879,0.10000503978556856,6,7,8
0.7332221573415895,0.16103804460282273,6,8,8
0.7166036816137954,0.15574800354782203,6,8,8
0.698892829845281,0.15649661865581987,6,8,8
0.7036718688296798,0.16490244519244604,6,8,8
0.7309978098264993,0.16534234656719726,6,8,8
0.694282954268387,0.12149844637107265,6,9,8
0.683486522656998,0.10620716771660571,6,9,8
0.6980361168485482,0.11567906847292053,6,9,8
0.6844192749074652,0.14679472142346328,6,9,8
0.6758332022317729,0.12866385246515857,6,9,8
0.6889387069808379,0.11537312529239308,6,9,8
0.7055003262220177,0.11153526398673272,6,9,8
0.6786319211312032,0.13423060042289242,6,10,8
0.666482262017491,0.12295740566081827,6,10,8
0.6575983646860084,0.14534427068864988,6,10,8
0.6687037572307378,0.11406797426707,6,10,8
0.6611301466371453,0.1261012944396548,6,11,8
0.6225214380917727,0.05173091546698593,6,12,8
0.642715511245552,0.06521333861764722,6,12,8
0.6262157153502111,0.07336178939096014,6,12,8
0.6081952379182969,0.06564329386689521,6,12,8
0.6519192728728217,0.04855355480874596,6,12,8
0.633712335704847,0.07337107027842082,6,12,8
0.6076299765907132,0.09033157334355947,6,12,8
0.6365997091629464,0.0518391723267141,6,12,8
0.6302775540913783,0.0635934326608137,6,12,8
0.6434966798078934,0.06377639259748692,6,12,8
0.6149996197779064,0.09662888199958301,6,12,8
0.6118299873926681,0.06107102063645534,6,12,8
0.6069783667466653,0.08764232656115226,6,12,8
0.63773504372112,0.0790232754899006,6,12,8
0.6045522470565051,0.056635556874312216,6,12,8
0.6298977547901053,0.03631797591597841,6,12,8
0.5953812209118128,0.050432679302149355,6,13,8
0.6076626786430449,0.019773320241822028,6,13,8
0.32378513463929137,0.40520999285812176,0,0,7
0.131003209310955,0.014332302597027556,0,0,7
0.703889383903806,0.27750884602479065,0,0,7
0.11195119207456616,0.3253593728108115,0,0,7
0.654918196724651,0.8221721322429637,0,0,7
0.0291721341732899,0.8072047879816842,0,0,7
0.9148715850546294,0.7391314329000881,0,0,7
0.1632953306401661,0.8703959602245187,0,0,7
0.2727696428334988,0.39809105512138265,0,0,7
0.9208633771161167,0.011201947366249021,0,0,7
0.734132126388837,0.5914141941428706,0,0,7
0.2556948545075536,0.4230438963284796,0,0,7
0.4156834004808879,0.747797573548672,0,0,7
0.6274956256978096,0.15618097615918225,0,0,7
0.5390069582084035,0.27556898870232016,0,0,7
0.7019961774921567,0.5818155644563585,0,0,7
0.5958813940774379,0.9168652854684352,0,0,7
0.03548439458062135,0.42567281878239516,0,0,7
0.06338412645070579,0.729473789764745,0,0,7
0.022835962043846858,0.6153321207505321,0,0,7
0.605873920262521,0.6481605831674617,0,0,7
0.6143848160399263,0.26296407745670425,0,0,7
0.05327967627932295,0.5252864198556956,0,0,7
0.40280631342630613,0.21394609119772456,0,0,7
0.9393244904729756,0.326061350606076,0,0,7
0.31909048390494743,0.8977815736562323,0,0,7
0.07591587939255029,0.9680760814545051,0,0,7
0.8456086091285384,0.35088348074124465,0,0,7
0.7660716728492245,0.3941915884271022,0,0,7
0.11171341895300835,0.11389394012415388,0,0,7
0.17150750771861722,0.37598725673804956,0,0,7
0.04514169264883484,0.8474660936202749,0,0,7
0.5409282701696531,0.6755801595834361,0,0,7
0.5297730662794274,0.36224959746872276,0,0,7
0.4014196266248812,0.08507468502733806,0,0,7
0.8125865110459908,0.9428080804197222,0,0,7
0.05420401098529737,0.15838561615903357,0,0,7
0.4347788965425263,0.7350054552644768,0,0,7
0.21019770291868933,0.26139689102565666,0,0,7
0.020332557672725904,0.17622214027469896,0,0,7
0.7778183264000148,0.5454127008250665,0,0,7
0.6252083856725965,0.9509493663657205,0,0,7
0.054386713966091176,0.44629848346196366,0,0,7
0.6884485097817729,0.09882972410237978,0,0,7
0.2811379190360642,0.5986272676053894,0,0,7
0.7464566265885925,0.01954379568308917,0,0,7
0.8679213231865077,0.1352966601631569,0,0,7
0.7139715796927918,0.15903799957828602,0,0,7
0.2943303996469251,0.8083694855982159,0,0,7
0.6287608440290405,0.24210076702683225,0,0,7
0.7164411508125009,0.2930409922862812,0,0,7
0.45205302763363164,0.22968078101286518,0,0,7
0.029247759645056104,0.0033135186127423166,0,0,7
0.2348856002391133,0.8218180709901192,0,0,7
0.2433632497738354,0.2954807262715907,0,0,7
0.6116036502693586,0.337421864803753,0,0,7
0.2334111369884897,0.7682738840832551,0,0,7
0.8202803266482006,0.16247761642396574,0,0,7
0.13453854431346546,0.5875308387529063,0,0,7
0.7092576990324746,0.18139254280711992,0,0,7
0.7352127860825565,0.7464908437224163,0,0,7
0.6503982471111455,0.7657424468401914,0,0,7
0.7227125054834765,0.2014972984819251,0,0,7
0.467474737270249,0.09175581703126456,0,0,7
0.46853806383941665,0.02436812255138754,0,0,7
0.639144849510936,0.6758666389033977,0,0,7
0.004121175849157943,0.2098222086989695,0,0,7
0.06686245035341187,0.5348784415017388,0,0,7
0.415411937571321,0.9715887626997134,0,0,7
0.07131456395780146,0.3813763222415142,0,0,7
0.7555304371408008,0.11970130569216442,0,0,7
0.8450116409697526,0.06561039777578814,0,0,7
0.8154158737524082,0.08175725032674364,0,0,7
0.37167156521947564,0.8614204746472395,0,0,7
0.92139067168126,0.4411272727127715,0,0,7
0.2766352823940821,0.5176434747388752,0,0,7
0.3356074097880529,0.27597799024946157,0,0,7
0.2697391609182853,0.5327450863676226,0,0,7
0.27084436135353007,0.6497374635980387,0,0,7
0.8611619030189067,0.1265984645155761,0,0,7
0.6501212145583003,0.12753535216633338,0,0,7
0.02000313082135086,0.9933523303180164,0,0,7
0.8350061024762524,0.9996635749842733,0,0,7
0.7114835409265537,0.6667349386381182,0,0,7
0.7333973263166442,0.33827916675849334,0,0,7
0.7620044565895816,0.2251380337211436,0,0,7
0.7732977464163632,0.29673734169438326,0,0,7
0.5062485545470037,0.25023374499824713,0,0,7
0.15172339371704857,0.31738155408286056,0,0,7
0.6602742269819617,0.49997864896391353,0,0,7
0.8887183602064631,0.025020687685362364,0,0,7
0.0893214046574442,0.5861236737205938,0,0,7
0.8123728510696197,0.9547438568145706,0,0,7
0.4404908986297005,0.07761300032540908,0,0,7
0.9158335111227034,0.31945346984898515,0,0,7
0.001712311235172237,0.8293378197817141,0,0,7
0.49443823686341626,0.2462041453294238,0,0,7
0.7279631495320339,0.10320116603942409,0,0,7
0.981188182708352,0.4801228699519626,0,0,7
0.1870704125414625,0.18852350062585554,0,0,7
0.5770186020810731,0.5386783565585119,0,0,7
0.6460384007658453,0.40718776569134296,0,0,7
0.7825336727078086,0.5716230372383486,0,0,7
0.6183312553004165,0.06395380168646836,0,0,7
0.5129351575561609,0.05065886784470919,0,0,7
0.8921681159224052,0.004660752382644184,0,0,7
0.7270105158610748,0.0308686592983326,0,0,7
0.7664645222960129,0.9945579070692183,0,0,7
0.41214518346564377,0.9696897031686587,0,0,7
0.39167304980300055,0.09749553626364815,0,0,7
0.5730474601566096,0.83815876436988,0,0,7
0.005647424643275056,0.2566694466797734,0,0,7
0.16624395449551332,0.34227558536788216,0,0,7
0.3225676666890098,0.8383695174920599,0,0,7
0.8978036360844108,0.49097155871917375,0,0,7
0.06657485524227313,0.6942853526731956,0,0,7
0.5899048645008808,0.5882284410854128,0,0,7
0.10900596179595778,0.33639438470153016,0,0,7
0.49728696774522974,0.14146187024990353,0,0,7
0.23841648175187047,0.5190130729167447,0,0,7
0.44457351044461046,0.008145530256347122,0,0,7
0.6407890434514228,0.1941118134021933,0,0,7
0.9679082271944194,0.2196822998722302,0,0,7
0.6698441278251548,0.7075653309392176,0,0,7
0.34980820124764034,0.4483931843961052,0,0,7
0.27590842789659,0.7593998624826873,0,0,7
0.7963267186883133,0.38403781635134915,0,0,7
0.49653385034915953,0.3374669599446054,0,0,7
0.5869520531591081,0.36802954956773504,0,0,7
0.9546998588325514,0.6431100676877123,0,0,7
0.2609576057863521,0.19617117945459628,0,0,7
0.9899555001333407,0.7111554598928749,0,0,7
0.970084349332893,0.10364382092109325,0,0,7
0.5542268538915257,0.38927880346648935,0,0,7
0.8295301580705161,0.46877631248815477,0,0,7
0.9084008346461832,0.8749463266157531,0,0,7
0.4713674472006075,0.896467874168154,0,0,7
0.2715928355657077,0.5938106515985749,0,0,7
0.08032070626060717,0.42939703033695664,0,0,7
0.10370993347054913,0.5952129995024438,0,0,7
0.15597147586721494,0.002576422215830654,0,0,7
0.19445804130900324,0.47178238964878894,0,0,7
0.32983101304045137,0.9790134446626969,0,0,7
0.7053055759537257,0.588686861738886,0,0,7
0.9169082169457712,0.9975479442449509,0,0,7
0.9791640985223525,0.8582350232402257,0,0,7
0.8003040337903662,0.9441207308495883,0,0,7
0.3996242057076784,0.17059894405981468,0,0,7
0.2522366333244641,0.1885534009507197,0,0,7
0.7360341499510332,0.8829104727462915,0,0,7
0.6362692840013147,0.7493512724969492,0,0,7
0.7926118659307968,0.24154228417645218,0,0,7
0.21287669097509343,0.739250453814399,0,0,7
0.2329374277074009,0.3256445695991944,0,0,7
0.6844166612800399,0.6132443836912848,0,0,7
0.13517110107153418,0.3685117337740116,0,0,7
0.8850944742943238,0.22409021519438432,0,0,7
0.6102658359845542,0.9538445391369167,0,0,7
0.5899794167935125,0.06277027085884779,0,0,7
0.01940072273120519,0.14640087294049742,0,0,7
0.20671342538037052,0.3673905720698323,0,0,7
0.2439612882860095,0.8616321759851276,0,0,7
0.2854394113080131,0.28705171403374896,0,0,7
0.7463411927212863,0.4266566352405601,0,0,7
0.2365254710097019,0.8871761430892827,0,0,7
0.011078720102442376,0.3455598758029108,0,0,7
0.024375838131636574,0.7932459346545678,0,0,7
0.6740024595901158,0.5664852913820252,0,0,7
0.5239233288910866,0.3236557561564912,0,0,7
0.19362901306524072,0.6369679351990908,0,0,7
0.015716170953385622,0.5535337135102945,0,0,7
0.6285510972650961,0.42382576513340176,0,0,7
0.1913256556516013,0.7544627769494114,0,0,7
0.5961864937698913,0.1704059622148385,0,0,7
0.9308493300227116,0.006937803670810205,0,0,7
0.6803765433582145,0.5299686747008632,0,0,7
0.932036022060777,0.9853172246456278,0,0,7
0.1325772381747541,0.5803094536980411,0,0,7
0.1458895643082827,0.02855591123982615,0,0,7
0.03352886394878929,0.34704271733070546,0,0,7
0.08264121266187985,0.06154641058883481,0,0,7
0.25644407693169624,0.8109156558925911,0,0,7
0.9892196561413517,0.8301741919661897,0,0,7
0.6602885681585031,0.8519724279520098,0,0,7
0.9674601223926057,0.6692259138034798,0,0,7
0.48686370131076917,0.9354738323365683,0,0,7
0.5513176366337309,0.6571285629353634,0,0,7
0.06739426744158916,0.544631420298547,0,0,7
0.023456307208258864,0.2896161610329788,0,0,7
0.016248799675667277,0.39741471423060415,0,0,7
0.6377070973979737,0.5076624503616707,0,0,7
0.4904232703672099,0.3167064025834302,0,0,7
0.815764804559419,0.2861669438162141,0,0,7
0.5366407235380237,0.11916479149025727,0,0,7
0.4195917350925019,0.17869263920348977,0,0,7
0.6693418672337175,0.27560801572582294,0,0,7
0.600606158983051,0.8150005671649749,0,0,7
0.0331164412954833,0.11404245650239064,0,0,7
0.13642234167311051,0.20348854812475192,0,0,7
0.0993144737153182,0.10378073168290736,0,0,7
0.5076998263293986,0.5561452289955353,0,0,7
0.5870821255642034,0.523991217093402,0,0,7
0.34029094416386596,0.18728240221682613,0,0,7
0.5576930171865316,0.2542477088175473,0,0,7
0.7383743831933343,0.6218399640322778,0,0,7
0.7142354464596873,0.5551249605670996,0,0,7
0.29274599568655646,0.7471786450830907,0,0,7
0.3984744254882622,0.42813298886811735,0,0,7
0.6245170696064108,0.9645420379131417,0,0,7
0.12757682812687754,0.8892322537164674,0,0,7
0.6037653305459738,0.39002385090182723,0,0,7
0.8500470628070085,0.3924783689697503,0,0,7
0.5588319818668535,0.43939001501067687,0,0,7
0.3012846441651813,0.6067604928456177,0,0,7
0.5958105309559797,0.3488902634156642,0,0,7
0.5030833562949922,0.9172120627156078,0,0,7
0.21521632787479916,0.20785617441186222,0,0,7
0.7298476982003829,0.9662399025035433,0,0,7
0.9314437955139542,0.9855294339605295,0,0,7
0.5964904252103098,0.857060059157594,0,0,7
0.19603255322365418,0.7572348863721884,0,0,7
0.6068870498886002,0.28803294555047976,0,0,7
0.5553621977580563,0.36525621002998643,0,0,7
0.3565230618948241,0.12332935246127918,0,0,7
0.9851414782379089,0.023155212346558707,0,0,7
0.8448471831227136,0.299046873686718,0,0,7
0.24360490035773308,0.7868232216832978,0,0,7
0.7355951818120879,0.08785029482213846,0,0,7
0.2684650081444978,0.39560750828719715,0,0,7
0.4637638560229347,0.3543924182324323,0,0,7
0.1778404359108423,0.2620204897641395,0,0,7
0.18972420923228606,0.8173918867913985,0,0,7
0.9232941081822343,0.21373403954912018,0,0,7
0.33146502328533456,0.6905651840524052,0,0,7
0.6866598885800871,0.702833945815725,0,0,7
0.9445750068379812,0.9889681663918161,0,0,7
0.6805988884751896,0.3109390383151599,0,0,7
0.10833643491765288,0.5865226105245367,0,0,7
0.5696793030168432,0.9562490519811873,0,0,7
0.176106077158119,0.548028864550153,0,0,7
0.30119244592187633,0.21717456816936587,0,0,7
0.2260990113787067,0.186796523033942,0,0,7
0.07432058503394146,0.9885000017894178,0,0,7
0.4610941509391433,0.6175162416332329,0,0,7
0.9765991891530239,0.022761312936679823,0,0,7
0.07979887086937942,0.3527290160318185,0,0,7
0.884526505921941,0.19151345584142532,0,0,7
0.9954330058053485,0.39941354048150424,0,0,7
0.9453590842251369,0.2637274220062126,0,0,7
0.9630235596213017,0.4773607876231357,0,0,7
0.695519567509202,0.32680381985549445,0,0,7
0.6062959456011726,0.19983700303544816,0,0,7
0.5478982360411855,0.2556953301332987,0,0,7
0.4181792378583004,0.6625123420268486,0,0,7
0.15280328183122427,0.2714684931194239,0,0,7
0.024231998823008638,0.3189809445812387,0,0,7
0.6384345700720708,0.41322356491114065,0,0,7
0.5639865530836554,0.7425593627258169,0,0,7
0.9796048739385921,0.8097743955137506,0,0,7
0.7763389316020181,0.028817334927619398,0,0,7
0.48652113559942367,0.7292088877203813,0,0,7
0.5019095445812429,0.8243661846245585,0,0,7
0.3383147540174982,0.7318166167028264,0,0,7
0.1642498408571974,0.14387837933425596,0,0,7
0.40303888218662154,0.4773106800622475,0,0,7
0.16695997110901573,0.7024681761770546,0,0,7
0.8553876549134148,0.6359616948729256,0,0,7
0.4071886602366861,0.22770552014763845,0,0,7
0.7114986698606064,0.767062751236152,0,0,7
0.5459826759838347,0.9174281182987408,0,0,7
0.16002349827468787,0.9738644917522923,0,0,7
0.9405031084282726,0.7791667827520077,0,0,7
0.12418459625174905,0.6633122622094385,0,0,7
0.8157484650193714,0.18917290481319515,0,0,7
0.5326138015876047,0.46372765735386334,0,0,7
0.2184278552704465,0.2842472980139613,0,0,7
0.08110872054962681,0.5483508399932941,0,0,7
0.14387853234789394,0.4476256127508741,0,0,7
0.7169463598443793,0.8418551549670137,0,0,7
0.5627281597785968,0.26832565306300804,0,0,7
0.19340950310710736,0.4223672773925762,0,0,7
0.8500960293471128,0.07661313125154945,0,0,7
0.8778778331844627,0.8201007198287728,0,0,7
0.7045255764600858,0.7918530212079947,0,0,7
0.02326483767976406,0.49347273985537576,0,0,7
0.48395511596841556,0.971701214743602,0,0,7
0.19902299751303487,0.352656481606888,0,0,7
0.8199370750889234,0.06890979871982983,0,0,7
0.599087709883926,0.596902176701279,0,0,7
0.28725684898549075,0.9137384990113571,0,0,7
0.24006378603843184,0.9368172870066563,0,0,7
0.2783443418683196,0.47039640238552527,0,0,7
0.05154923368518616,0.1557198916855358,0,0,7
0.1561887720487063,0.027407866449282725,0,0,7
0.22922325560779133,0.4025204999091674,0,0,7
0.3688730904334554,0.6510656773169303,0,0,7
0.8572911323852004,0.10970071050746677,0,0,7
0.501767195325873,0.20597451704499004,0,0,7
0.44080062013703425,0.9861397071514617,0,0,7
0.7124195987941873,0.10724977505403932,0,0,7
0.6927739010095311,0.12489676072552369,0,0,7
0.735117397085673,0.4248142098036858,0,0,7
0.5357332999031962,0.6631228967863351,0,0,7
0.2533077655507835,0.6129308758893323,0,0,7
0.310882957319219,0.4130755430710996,0,0,7
0.8616293351982504,0.1676757916331476,0,0,7
0.24228494695757585,0.40602344774983445,0,0,7
0.10657495721222787,0.9807819768444722,0,0,7
0.05319147446847473,0.3258374544435968,0,0,7
0.7430451275421088,0.6653239267923678,0,0,7
0.278794314948128,0.4188115002002135,0,0,7
0.2818237750006899,0.02448620061391582,0,0,7
0.20857502122170846,0.31234240658801493,0,0,7
0.8444853290829284,0.48319182941471217,0,0,7
0.8151455263639944,0.056947685304665104,0,0,7
0.8454431589939615,0.8214902773488546,1,1,9
0.8738105792825781,0.7987118567879521,1,1,9
0.8802228035909446,0.8078697089544328,1,1,9
0.8503434903511395,0.8016992972851855,1,1,9
0.8686897456633091,0.806179751341689,1,2,9
0.8323345279267619,0.8294499052807465,1,2,9
0.8776009733845465,0.8017048290430042,1,2,9
0.8513147133382358,0.8018301165820715,1,2,9
0.8585765533450169,0.8141813833726216,1,2,9
0.8439071342034105,0.8199104736096721,1,2,9
0.851677537668289,0.8141289119214116,1,2,9
0.8463467920901957,0.7907614678990137,1,2,9
0.8937637648415786,0.8607753500172939,1,3,9
0.8796272970140754,0.8703567697196993,1,3,9
0.8436258019833474,0.8549801030282672,1,3,9
0.8932360572297648,0.8539088750485705,1,3,9
0.8457920401744125,0.8440310066071816,1,3,9
0.8550874709649355,0.8538233196486554,1,3,9
0.8654024831083391,0.8619851326989733,1,3,9
0.8611760477165079,0.8622462464573519,1,3,9
0.8865725429807269,0.8524723322140302,1,3,9
0.8690142743546918,0.873129324163318,1,4,9
0.8725542677746777,0.8765279359587533,1,4,9
0.8753210673515144,0.883494351217556,1,4,9
0.8600075585192376,0.8984238790476132,1,4,9
0.8539814247007805,0.8651589602009946,1,4,9
0.8668623091736566,0.8803896185573685,1,4,9
0.8893090532927087,0.906685148494099,1,4,9
0.9105682213952307,0.8810374250934867,1,5,9
0.9215396871048454,0.9119764918840935,1,5,9
0.9082179235125472,0.8930579192640401,1,5,9
0.9418230414239875,0.8741384419441851,1,6,9
0.9281697004027224,0.8242456580308049,1,7,9
0.938030411911871,0.8235678332323471,1,7,9
0.9080955304106476,0.8291743440032923,1,7,9
0.9536611748405521,0.8450233137750733,1,8,9
0.9636780702955614,0.8659082569981641,1,8,9
0.9260691230122395,0.8635041954854363,1,8,9
0.9309283804608472,0.8480336404912545,1,8,9
0.9651547839015417,0.8523055254298576,1,9,9
0.9214324416738713,0.8964433652438972,1,9,9
0.4853056879125669,0.775686481226779,2,1,9
0.47337168439124266,0.7908674271397533,2,1,9
0.5063195431232118,0.7758607825291389,2,1,9
0.46937507332225487,0.775740793440718,2,1,9
0.5037060089958323,0.7699042341854873,2,1,9
0.4866917978898147,0.7772779491504637,2,1,9
0.4994642114550894,0.7925540907327958,2,1,9
0.49400647172708273,0.7806356269795216,2,1,9
0.47564567432603,0.7964096195021636,2,1,9
0.49872071242991145,0.8001905012294173,2,1,9
0.5284608058701681,0.7830344864170657,2,2,9
0.5128065518903586,0.7950825377804598,2,2,9
0.507234143753159,0.7623010311532371,2,2,9
0.4931231160202959,0.7695896623382394,2,2,9
0.5289027942675381,0.794715791423347,2,2,9
0.5178856329723276,0.7782930368024775,2,2,9
0.5090644397896723,0.8003809520327237,2,2,9
0.5080429501640601,0.7797116605087376,2,2,9
0.519255188140839,0.7776898605890238,2,2,9
0.4969369145096211,0.8017753978840729,2,2,9
0.500886715145177,0.7897729968062559,2,2,9
0.5294644067834983,0.8389455048456533,2,3,9
0.4875297483049572,0.8275292965410369,2,4,9
0.46209816037857837,0.8314493554674139,2,4,9
0.4557818553564711,0.8007248544794473,2,4,9
0.4667232449594341,0.8210559883672519,2,4,9
0.45205282181482903,0.9128547013971559,2,5,9
0.46422422456892254,0.8740741810826648,2,5,9
0.5010808739918187,0.9119416293903304,2,6,9
0.5207696185143647,0.9084668845798725,2,6,9
0.5019819427963679,0.9058454892432284,2,6,9
0.49901584293585566,0.932410691218241,2,6,9
0.5204801174365928,0.9345431187224165,2,6,9
0.4999741544717187,0.8954863550885582,2,6,9
0.48676799994674835,0.9298878866204803,2,6,9
0.47930858875879573,0.9425236876050368,2,6,9
0.5048005209793736,0.923483491874773,2,6,9
0.5155809514802063,0.9291009397899311,2,6,9
0.5361027261080471,0.8637213482359972,2,7,9
0.5629322129432884,0.8899279760092417,2,7,9
0.528629161375336,0.8667748812234249,2,7,9
0.49962109047619646,0.8752957443958919,2,8,9
0.47558926782604133,0.8716287090030611,2,8,9
0.5058876228208468,0.9036712580708005,2,8,9
0.4887970468791892,0.8902387793346903,2,8,9
0.5107511145684499,0.8776823481695962,2,8,9
0.5108306913044789,0.894213218352644,2,8,9
0.49953691108507947,0.9225777035248107,2,8,9
0.4752634805871172,0.9037618274065069,2,8,9
0.5181856611374533,0.917938276839113,2,8,9
0.5200890797413248,0.8865836919547233,2,8,9
0.5179110574385781,0.9029496099621576,2,8,9
0.49997105285681503,0.9042510047594214,2,8,9
0.4718907607140078,0.8741026335442068,2,8,9
0.5551595345816287,0.850693771486618,2,9,9
0.5563979241930919,0.8610869059359878,2,9,9
0.5560542239113043,0.8645025809344405,2,9,9
0.5557378751862059,0.8593537584075873,2,9,9
0.5269057603016593,0.8282819803112821,2,9,9
0.5247797040977075,0.8900380088472503,2,10,9
0.539541823421536,0.9072184697266897,2,10,9
0.5795414524771071,0.8966415102181147,2,11,9
0.5738653472713785,0.8777515709597871,2,11,9
0.5496726556150732,0.897334862250068,2,11,9
0.5765235573295387,0.8830636441806677,2,11,9
0.5490013143466136,0.8919155845953262,2,12,9
0.5732304423661315,0.8957859898797703,2,12,9
0.5745950327253858,0.89206342483178,2,12,9
0.5635906046141912,0.8967694389553157,2,12,9
0.5717573015097382,0.9114841691322748,2,12,9
0.5440134560315515,0.9166426912130484,2,12,9
0.5841183153314208,0.9086353463036387,2,12,9
0.5905144070319948,0.8910814683510098,2,12,9
0.560807263046921,0.9191852698347723,2,12,9
0.5627749563601712,0.9008608543621894,2,12,9
0.5542350562067785,0.9282416655342284,2,12,9
0.5235562634035016,0.8913696135458995,2,12,9
0.5451825166737841,0.8859666756253689,2,12,9
0.5884665807845577,0.8709114744126444,2,13,9
0.5876417956030514,0.8652224060583673,2,14,9
0.5684372149251453,0.8576676995666617,2,14,9
0.5712526314913599,0.863315325910586,2,14,9
0.5965712204740701,0.8415147415839683,2,14,9
0.5889585102510516,0.8395638225916072,2,14,9
0.5746345427441899,0.8602567774464964,2,14,9
0.44892485063695153,0.45269217679352886,3,1,9
0.4755657168008511,0.4615485386467845,3,1,9
0.4656375543141181,0.4842643496469857,3,1,9
0.4784167245956578,0.4885493476518042,3,1,9
0.462069445580097,0.47849927229221884,3,2,9
0.4798501552530486,0.5158744825690772,3,3,9
0.46424623346286287,0.552200746897281,3,3,9
0.4679029441153462,0.5222567367455944,3,3,9
0.4379636049510466,0.5235942499537284,3,3,9
0.4536254585179846,0.5263020704940614,3,3,9
0.4423558210347889,0.5007044397999301,3,3,9
0.43474807815965244,0.5203279725571457,3,3,9
0.5000269152003803,0.5397864603563691,3,4,9
0.5189122190105409,0.5353283242299431,3,4,9
0.45878276626702347,0.5088701481508923,3,4,9
0.4824485309262752,0.5557330886446031,3,4,9
0.49334205913053153,0.4712756535031143,3,5,9
0.5154069310540784,0.455584473204734,3,5,9
0.5076035904418997,0.45755463915296213,3,5,9
0.5057975722170552,0.45680461770474506,3,5,9
0.5360103094467606,0.5139342442757846,3,5,9
0.5052649880397757,0.46843648909710983,3,5,9
0.5009178739475163,0.47516791898946437,3,5,9
0.49761894515619204,0.4620894609836326,3,5,9
0.5055249748145673,0.481593499407248,3,5,9
0.49777740091598754,0.4787561791614532,3,5,9
0.5128051014960098,0.4564773081873578,3,5,9
0.5449744955191947,0.49579100668904524,3,6,9
0.5312776393258402,0.48582991130601555,3,6,9
0.5374741993597383,0.4506486514649406,3,6,9
0.5409464251292806,0.4462581754206607,3,6,9
0.5504216329709996,0.4901098314027668,3,6,9
0.5823953868227434,0.4697213383901733,3,7,9
0.5750681403184774,0.515201499045947,3,8,9
0.5747390710981884,0.4940029631147551,3,8,9
0.5655032223813292,0.5207568437162,3,8,9
0.5845189277637062,0.48107158943753986,3,8,9
0.5923091920812564,0.5572185408167408,3,9,9
0.5864572430444454,0.5335968636686724,3,9,9
0.5521874853929043,0.5732401642047593,3,10,9
0.5219867099254637,0.5768142879829253,3,10,9
0.5729058724561876,0.5809346085726672,3,10,9
0.5271803132073565,0.5897135386903061,3,10,9
0.5364639900664419,0.5902892639172996,3,10,9
0.5487911061538376,0.5476783307793782,3,10,9
0.5313581271998286,0.550222478870931,3,10,9
0.5406178237853002,0.5660137715954904,3,10,9
0.5411021040518444,0.6260938621547817,3,11,9
0.5592391977396916,0.6279319136773326,3,11,9
0.5367908857720771,0.6205949860692531,3,11,9
0.5602453573858887,0.639077086996477,3,11,9
0.5713609097932351,0.6629480137204484,3,11,9
0.5540785976832807,0.6415222218930166,3,11,9
0.5791472264847911,0.6211856173181023,3,11,9
0.5405004124845921,0.6217072993200303,3,11,9
0.5555211182985085,0.6504961911200701,3,11,9
0.5642945587258612,0.6264543405380909,3,11,9
0.5513096461280279,0.6138148458502879,3,11,9
0.5424802802496034,0.6243571552381771,3,11,9
0.5595081828605898,0.6321011667282492,3,11,9
0.5946182042917061,0.5964671264936784,3,12,9
0.567573790795593,0.589529335678818,3,12,9
0.5505690006859306,0.5814143976984788,3,12,9
0.5859039070240862,0.5788916412320739,3,12,9
0.5610554487563435,0.5888297947461664,3,12,9
0.5651021907311334,0.5884844414285587,3,12,9
0.6108590605848488,0.6084447544172791,3,12,9
0.549338684517605,0.5969196475696641,3,12,9
0.5905641123318864,0.5737941497419375,3,12,9
0.5432989807858355,0.5850388944516546,3,12,9
0.5757314117662097,0.5955337312294977,3,12,9
0.6148507183621663,0.589423321595219,3,12,9
0.579150308156664,0.6218678288678964,3,12,9
0.5802407841485763,0.5942107017937055,3,12,9
0.5935756310604874,0.587466286002133,3,12,9
0.5873821505372008,0.5768410288711512,3,12,9
0.5547054790987427,0.5995044690687519,3,12,9
0.5793407343622591,0.572358365012261,3,12,9
0.5570837375193561,0.5767245512411541,3,12,9
0.5814501274102486,0.5811293849587131,3,12,9
0.5932015742643963,0.6198198650218475,3,12,9
0.5615275279841107,0.6084438282425315,3,12,9
0.5811926429889797,0.5985088258810447,3,12,9
0.5823407439288759,0.6036625259954742,3,12,9
0.6261547917872026,0.5567003288369134,3,13,9
0.6045174964316701,0.5334340166634216,3,13,9
0.6055526152433254,0.5653165730123823,3,13,9
0.5969932042619737,0.5623072503605537,3,13,9
0.6377491095728404,0.5645019423833478,3,13,9
0.6223086456726219,0.5501711235954235,3,13,9
0.587261734635408,0.5147078052523885,3,13,9
0.5784419424952794,0.5656550120837579,3,13,9
0.6153324260446369,0.5625911163919758,3,13,9
0.6170026262088482,0.5572749850288082,3,13,9
0.6019356820756657,0.5754824373892141,3,13,9
0.6220815260595348,0.547328087237201,3,13,9
0.6120653848583906,0.5445283655561609,3,13,9
0.6314185430225351,0.5660364448841719,3,13,9
0.6319638843244982,0.5456284951997533,3,13,9
0.5964947438184811,0.5481066194829389,3,13,9
0.6146906372100882,0.5549056266015555,3,13,9
0.6138195708794468,0.542325690359796,3,13,9
0.6050537491506945,0.4745365315414573,4,1,9
0.6125654741358928,0.44156436435780655,4,1,9
0.6047408019358722,0.4404528585684826,4,1,9
0.5932920171108914,0.4314708601584637,4,1,9
0.5856390694998258,0.4642777586970415,4,1,9
0.5861058633009196,0.4517983801646623,4,1,9
0.6012574397023809,0.4235551372135647,4,1,9
0.5970316322398554,0.42512907513229903,4,1,9
0.6263108799274282,0.42897489973778946,4,1,9
0.5341330905842786,0.4417079011224092,4,2,9
0.5188957760904888,0.43655818357926696,4,3,9
0.5267115362608898,0.43128904901821224,4,3,9
0.5698525649827931,0.36198286767806526,4,4,9
0.5394978482011413,0.3914010585970525,4,4,9
0.5354676840666808,0.3792744763888333,4,4,9
0.5445200283459007,0.38599141581127033,4,4,9
0.5305881916155076,0.3998119951217576,4,4,9
0.5547966250425918,0.37097818128023113,4,4,9
0.5339194198127258,0.38877400233806414,4,4,9
0.5301530552655481,0.3888328095080874,4,4,9
0.5357968119478919,0.3845121920985486,4,4,9
0.5427825570364994,0.39443880413662885,4,4,9
0.6126117580693853,0.4054493659488533,4,5,9
0.57384189276861,0.4256437110126224,4,5,9
0.5828855284109266,0.4016225273039937,4,5,9
0.6185511035941949,0.4008667538555899,4,6,9
0.5899394512145867,0.4017085289255066,4,6,9
0.6595980035189112,0.3896247269551153,4,6,9
0.6174728254960826,0.38892465696298734,4,6,9
0.6037303059127042,0.3770327871887792,4,6,9
0.5932127855850703,0.3808653495802833,4,6,9
0.6092192425241816,0.37422123740965446,4,6,9
0.6170065618592799,0.36889452944608003,4,6,9
0.6358965717565416,0.3784073115708766,4,6,9
0.6180991617843059,0.37191296748497116,4,6,9
0.6287857241708099,0.37027260296861736,4,6,9
0.6137224436481681,0.39029466126335527,4,6,9
0.6277277145280948,0.35693276270091673,4,6,9
0.5998149230351061,0.38441655176715145,4,7,9
0.5670598530193923,0.41740451393996475,4,7,9
0.5998010384936207,0.38166391325312576,4,7,9
0.5925563466254694,0.3906638281750089,4,8,9
0.5503173804688022,0.3839369450926385,4,8,9
0.5864942836642698,0.34973783959222515,4,8,9
0.5870949618527997,0.34818111200503077,4,8,9
0.5888698379155668,0.3443441448834294,4,8,9
0.6196771065766747,0.3253865765576274,4,9,9
0.6572672096161847,0.265054776729366,4,10,9
0.6548777701645326,0.28102727635449765,4,10,9
0.6448124370349592,0.26549779089635134,4,10,9
0.6594051062307151,0.31027815377084855,4,10,9
0.6804710260312133,0.28363883890416836,4,10,9
0.6368608857381713,0.30820860526919014,4,10,9
0.6668682591266942,0.24750727658273172,4,10,9
0.6728494451705261,0.3004819484782081,4,10,9
0.6269556951607956,0.2553808855277334,4,11,9
0.620532419969735,0.2222937633945209,4,12,9
0.568714600285168,0.22911363549259853,4,12,9
0.5464229297027672,0.20475354086663122,4,13,9
0.556750259719979,0.23757464654963623,4,13,9
0.5792195075917682,0.20938379277516903,4,13,9
0.5609225249190766,0.23967568616991386,4,13,9
0.5418931693430605,0.2602114103066433,4,13,9
0.5525994115215657,0.23800809328712827,4,13,9
0.5610089371139042,0.24527411286957831,4,13,9
0.5756647507313652,0.2632947680070537,4,14,9
0.5777711421126578,0.25728622404344853,4,14,9
0.5597189988411544,0.23522409043747597,4,14,9
0.5684910331800649,0.2504698161652104,4,14,9
0.6047795009910353,0.27528807151527424,4,14,9
0.5664592531412895,0.3031393027807192,4,14,9
0.5894382593715782,0.2906943449409107,4,14,9
0.5700503243440725,0.2582106642334128,4,14,9
0.5766615411053542,0.252204748353501,4,14,9
0.5821515968773979,0.26562381756994485,4,14,9
0.5654971346213372,0.26275009170886854,4,14,9
0.5861208512389908,0.2661891994095244,4,14,9
0.5862085688246892,0.27372236377995973,4,14,9
0.5873779530758355,0.2673988480872109,4,14,9
0.5689784051970701,0.25307590971403454,4,14,9
0.2175098022906734,0.5659658221484957,5,1,9
0.23338393855722858,0.6019386846008764,5,1,9
0.21098434694359258,0.5955619547992252,5,1,9
0.19394486089541496,0.5837619149843689,5,1,9
0.21231435704822257,0.5889287022625652,5,1,9
0.2304002626426782,0.5925272243245997,5,1,9
0.20035650676151878,0.5782502320368517,5,1,9
0.19690824139175606,0.5972792445694934,5,1,9
0.20258645270270273,0.5949439772879972,5,1,9
0.20739778996799005,0.6283408917655346,5,2,9
0.19648610358484114,0.6541392144588128,5,3,9
0.21500360086850429,0.6697499528434752,5,3,9
0.16905938707476753,0.6483826651916157,5,3,9
0.17423914911202273,0.6662583473104142,5,3,9
0.22276196808214302,0.6705990944116254,5,4,9
0.19250430184059789,0.6602589261448563,5,4,9
0.23146429840970545,0.7031657234897607,5,5,9
0.18455174784881348,0.7267350430674075,5,5,9
0.2497591560241346,0.7349317796549518,5,6,9
0.23072914040094855,0.7525332239411516,5,6,9
0.24266995488948184,0.7371818308858343,5,6,9
0.26803411654394,0.7308389921985419,5,7,9
0.26529118013583153,0.7512287886393547,5,7,9
0.28186097809413596,0.7404956958962586,5,7,9
0.26391900149638314,0.7747099513778407,5,7,9
0.11925178951970833,0.3255798930064032,6,1,9
0.049205757020265764,0.3332981474031257,6,2,9
0.05878672669217394,0.34714529409514705,6,2,9
0.03945297529711079,0.3144958310314491,6,2,9
0.05752155170476764,0.3421563245644583,6,2,9
0.04296836244295706,0.2757763204668676,6,3,9
0.11810596017791285,0.28740865652374936,6,4,9
0.10060296338026678,0.2582189709282485,6,4,9
0.10951914987117072,0.26944481982512386,6,5,9
0.09705302266662134,0.2375592511411233,6,5,9
0.11337510497522194,0.26547714627273,6,6,9
0.12524885718941478,0.2347351624281823,6,6,9
0.12561169488490972,0.19648673616245002,6,6,9
0.15139648311195159,0.2277469842865563,6,6,9
0.1290770630967099,0.24088173732845794,6,6,9
0.13495192956089602,0.25954379823617096,6,6,9
0.1277444090484159,0.22862725805585,6,6,9
0.14934706457068572,0.24289328967937232,6,6,9
0.13194520724159295,0.22082162504905606,6,6,9
0.12627191631042892,0.25891774808870144,6,6,9
0.1380741621718238,0.24772687982376587,6,6,9
0.11678714402744199,0.20798246730362147,6,6,9
0.1431264382931709,0.23674567874549157,6,6,9
0.11608178265570482,0.2325927254478816,6,6,9
0.11236632527030668,0.22694775466771183,6,6,9
0.12941154102826866,0.23359861526991793,6,6,9
0.1473997498837443,0.22576464431758259,6,6,9
0.1099516227871803,0.21805258002066938,6,6,9
0.1266142360172362,0.2262794023645196,6,6,9
0.13773208904296985,0.2311093517535678,6,6,9
0.12720035842147387,0.2312737143405332,6,6,9
0.11789725492905584,0.23742934181689898,6,6,9
0.111520710935832,0.23860745908261186,6,6,9
0.10969142520098661,0.20904446686057096,6,6,9
0.1205021312699612,0.252626926832038,6,6,9
0.11980169654117279,0.19928058507490748,6,6,9
0.14087558151669535,0.20934565168175068,6,6,9
0.1287549895907598,0.23412303500744558,6,6,9
0.12128913808396609,0.23520085295200233,6,6,9
0.12906889564622637,0.2205923586430202,6,6,9
0.14323933189768437,0.21181938782568782,6,6,9
0.11618302942907371,0.2129678171160227,6,6,9
0.12992873273563124,0.24552604470100944,6,6,9
0.14764544881576186,0.24467751118909772,6,6,9
0.12437736347654647,0.24775118679393568,6,6,9
0.1456099054644808,0.2402227147612291,6,6,9
0.1559287058027767,0.21108043484990108,6,7,9
0.15543002218496324,0.1840112123539409,6,7,9
0.15632444885640584,0.19351757799649139,6,7,9
0.14091278534391066,0.19170252280942757,6,7,9
0.16121861769957024,0.20632767756935996,6,7,9
0.12846843814066783,0.19156272879010997,6,7,9
0.15628480599094044,0.20652896920646366,6,7,9
0.1649324700586136,0.1907308084237588,6,7,9
0.14577791928585337,0.17063421648269447,6,8,9
0.14269782898274097,0.15903711245320823,6,8,9
0.14934596856942783,0.16496433655801643,6,8,9
0.17050812088004455,0.17766519595191604,6,9,9
0.1643589195190393,0.1614434670914262,6,9,9
0.5585346348285104,0.1197897668033656,0,0,8
0.9422587786492105,0.9633299576444826,0,0,8
0.41052880202941566,0.7817787629008816,0,0,8
0.5052914072530407,0.13772872927851876,0,0,8
0.6653739077416573,0.27748257408742927,0,0,8
0.5858932139132955,0.36111317623115147,0,0,8
0.9582851804525037,0.6059407179224112,0,0,8
0.1911530644000322,0.6522109592176708,0,0,8
0.18184970991339988,0.02228228625893136,0,0,8
0.9334343108827179,0.8369436670853921,0,0,8
0.1774718780026341,0.03100219642830515,0,0,8
0.6464089947937887,0.9405855795611024,0,0,8
0.17282582314060113,0.5175695235630662,0,0,8
0.513069749655707,0.8625558371378577,0,0,8
0.20185119689582598,0.5427952313332555,0,0,8
0.585632443063415,0.6674827234425514,0,0,8
0.5178081457009024,0.9204452158765842,0,0,8
0.5540463738910981,0.23213922115353758,0,0,8
0.3028460889021807,0.38087117057763487,0,0,8
0.5573365281058831,0.8451074796736786,0,0,8
0.10354379218256826,0.07248003243600953,0,0,8
0.47082283086009924,0.1319515075060298,0,0,8
0.44530739884507253,0.0007416417494040539,0,0,8
0.9232351004181288,0.19747342771909804,0,0,8
0.06646123700537099,0.2808212208146088,0,0,8
0.7622400539347013,0.7049646332987505,0,0,8
0.4366755239571882,0.6440924087686378,0,0,8
0.37482759103791163,0.12538606987677214,0,0,8
0.0007675687452918245,0.04386568735834262,0,0,8
0.06224998637065737,0.19548464807767096,0,0,8
0.9592199157350326,0.464080152255256,0,0,8
0.15357748705805985,0.8930514139689338,0,0,8
0.2203881430986827,0.29114201345084456,0,0,8
0.9474031739967274,0.49541691546271127,0,0,8
0.35965192631990395,0.10116096318116119,0,0,8
0.8039739872783399,0.23043422436524774,0,0,8
0.6446906603545277,0.9462966859010055,0,0,8
0.14845317039661488,0.6473205784118022,0,0,8
0.363161438599368,0.6017042502921747,0,0,8
0.9117534980672385,0.7143008409481638,0,0,8
0.2155060855457328,0.6203186779122685,0,0,8
0.21047330686480437,0.027018589323036135,0,0,8
0.41700795207611063,0.2243315105268716,0,0,8
0.8274450971413194,0.42357540753536427,0,0,8
0.956560487573781,0.2633362052223144,0,0,8
0.2395480228734852,0.07652477134647917,0,0,8
0.14485272531261995,0.45664446735905895,0,0,8
0.916956565162769,0.6959750046178369,0,0,8
0.3913996295711567,0.11290894437329768,0,0,8
0.16509662007560966,0.764638168014755,0,0,8
0.6379098187082065,0.4812488618434808,0,0,8
0.9949953711246615,0.05310298646793533,0,0,8
0.8370816736395446,0.8148083637247904,0,0,8
0.9880496753412854,0.34147981131211447,0,0,8
0.6549197149566,0.10514348761514014,0,0,8
0.575600658463997,0.8752839015587457,0,0,8
0.08708315444881565,0.4797203207812344,0,0,8
0.9939238285099632,0.21427066986943166,0,0,8
0.19756332846188174,0.6268677674698085,0,0,8
0.37531520901181015,0.6981705633041476,0,0,8
0.6072605408356289,0.19170543089650005,0,0,8
0.6276357141125829,0.6176348374737369,0,0,8
0.6000670619393018,0.5853256311210098,0,0,8
0.5530235034831665,0.9530008886961361,0,0,8
0.7299283574219092,0.3500365992413955,0,0,8
0.4123472587528978,0.08894754238189262,0,0,8
0.5136243267060897,0.29258599664001395,0,0,8
0.7285588269648565,0.288277282861923,0,0,8
0.5644758628445162,0.27207166056447263,0,0,8
0.20781450356683828,0.6703665531984427,0,0,8
0.43152035785109466,0.8026853022407063,0,0,8
0.9444760549333469,0.017810714534734484,0,0,8
0.6354849502030656,0.1830692915350648,0,0,8
0.8181305678452966,0.13034828718675073,0,0,8
0.7133032758054283,0.8655788810551313,0,0,8
0.7913258750951118,0.5611181652413608,0,0,8
0.9788898631670743,0.14972128650612093,0,0,8
0.7607826982072324,0.9795830295154072,0,0,8
0.8741410677467911,0.8067847446417649,0,0,8
0.6091679974594048,0.3437212163105666,0,0,8
0.3741644481833185,0.22623216525101097,0,0,8
0.5699675193178421,0.2790693473774203,0,0,8
0.0720838696558006,0.4077757984231911,0,0,8
0.27562147356015265,0.08430305100463797,0,0,8
0.2548052605047857,0.2559608431842004,0,0,8
0.42392558423743154,0.779301926270033,0,0,8
0.06029463974411897,0.7874197609250484,0,0,8
0.11274505904114429,0.07016370160684982,0,0,8
0.6047030280250716,0.11089388704871861,0,0,8
0.04992105370098887,0.9506236215045841,0,0,8
0.8604598860845282,0.005748976079945622,0,0,8
0.4596162541629337,0.7349713942010779,0,0,8
0.036550184505208076,0.6724396949530299,0,0,8
0.6061998681617382,0.4178628774728045,0,0,8
0.12536920015727626,0.948206066645729,0,0,8
0.14728515601624448,0.6292436223644817,0,0,8
0.06289571283787698,0.37781615081795417,0,0,8
0.7458644954837885,0.8598410521755694,0,0,8
0.729304565828772,0.6161801008206498,0,0,8
0.9056999495801377,0.1115983573370305,0,0,8
0.9668006013986445,0.8359930499699926,0,0,8
0.4318806631655093,0.10063620247584426,0,0,8
0.01727007601054098,0.7837454649741076,0,0,8
0.45928793540317125,0.005561088822231164,0,0,8
0.18615424888896703,0.41413258990495283,0,0,8
0.5944775924945311,0.8223557101787806,0,0,8
0.24945983044644082,0.4460559814697045,0,0,8
0.20888591817142554,0.9093130690328067,0,0,8
0.5774852977656741,0.9875045942462554,0,0,8
0.4466855012408715,0.8581792957790731,0,0,8
0.21956378772937846,0.6796987889440733,0,0,8
0.5215131326663995,0.8395615950563549,0,0,8
0.6212793100925832,0.7114288491884724,0,0,8
0.2536348132420131,0.058899762973735004,0,0,8
0.20859406744411924,0.8506296171148909,0,0,8
0.10042927730820582,0.9723152544314695,0,0,8
0.2882079513372635,0.5446728069786045,0,0,8
0.9483084260974616,0.6497720436931365,0,0,8
0.3593618014215929,0.8615457804089925,0,0,8
0.8458148218265437,0.2235469652513531,0,0,8
0.839916391134629,0.9489427655051651,0,0,8
0.22279602631889994,0.5862511309941952,0,0,8
0.2613557693031734,0.6619798112215703,0,0,8
0.4188782432134156,0.7086156941919192,0,0,8
0.8778210428673272,0.7518656631950776,0,0,8
0.6945374537600457,0.0486481750549802,0,0,8
0.2068317652818652,0.6502286693032835,0,0,8
0.3540707530996219,0.18414440730727177,0,0,8
0.3255333076676248,0.5366219192328283,0,0,8
0.07358414080402566,0.3391934548273442,0,0,8
0.8343881663530825,0.04406665220717787,0,0,8
0.5167483833116858,0.5595335643608023,0,0,8
0.23537891674022482,0.24040749233533842,0,0,8
0.4237490350945371,0.594287136165611,0,0,8
0.8527642923241686,0.7832764498701349,0,0,8
0.09084733709724857,0.4507528879635049,0,0,8
0.6353662765541432,0.6285615401958716,0,0,8
0.829122933471593,0.34122182479174423,0,0,8
0.9860048032583552,0.5853785166897447,0,0,8
0.22828258448380745,0.2715593700011776,0,0,8
0.4096873858485971,0.6089370433252932,0,0,8
0.9135796403008053,0.5323988659444506,0,0,8
0.5468703071619697,0.033721590116743694,0,0,8
0.6353893661400576,0.24577767609712609,0,0,8
0.933546771164311,0.8808448542766555,0,0,8
0.08658477818980193,0.621876676570155,0,0,8
0.8124393988478747,0.3400257398567389,0,0,8
0.06604168697726631,0.726327837490734,0,0,8
0.1853647717215713,0.6992853401052525,0,0,8
0.06577836256315182,0.7218329330994478,0,0,8
0.906652577419443,0.467002651031154,0,0,8
0.5624519835337278,0.39699223532489003,0,0,8
0.2558870325901158,0.09020044890043832,0,0,8
0.22854739322304962,0.9609655566078916,0,0,8
0.7858382595501362,0.023183120254101186,0,0,8
0.1372485069220608,0.06698992678418836,0,0,8
0.5000878869744514,0.8888686506007143,0,0,8
0.8403676588338286,0.9897231610484123,0,0,8
0.07529959721335733,0.4195214333640127,0,0,8
0.6371801723305143,0.2223246559820764,0,0,8
0.5212197191308233,0.6523568410076097,0,0,8
0.926835049617498,0.4180105306535893,0,0,8
0.39820920389419034,0.7691383036260722,0,0,8
0.9081802173510145,0.5411620691016298,0,0,8
0.6243976595859702,0.6540573681119212,0,0,8
0.31576799017791946,0.3368814534409106,0,0,8
0.7494893879093972,0.7583074386892856,0,0,8
0.8715006006859847,0.9802124378859841,0,0,8
0.4312489984195237,0.055188429641656045,0,0,8
0.5909528809753601,0.49253620840736567,0,0,8
0.42696190873896034,0.7600169594346112,0,0,8
0.3650594598292767,0.8138314509255025,0,0,8
0.3714073670066105,0.47136291557333054,0,0,8
0.7614864857567483,0.35068896090755364,0,0,8
0.5689973045906879,0.4266612415140385,0,0,8
0.3060522908539508,0.711643025109358,0,0,8
0.8708032853698857,0.2415767502527454,0,0,8
0.5323699459340573,0.903609204267492,0,0,8
0.849375920583937,0.3007774190232142,0,0,8
0.1022328225437209,0.014717232323207095,0,0,8
0.7494083879962985,0.7547604097439986,0,0,8
0.7185678061313229,0.5317034086215376,0,0,8
0.8923232557592123,0.5340829497832347,0,0,8
0.21227176669837833,0.0024728031087082325,0,0,8
0.4745369933941367,0.6014792383989271,0,0,8
0.1482540785169285,0.044322026068354003,0,0,8
0.729273802128988,0.6839668745846446,0,0,8
0.09474401104191965,0.08841776626516662,0,0,8
0.7611766170111472,0.16299105179746975,0,0,8
0.2800430134677978,0.99896258725327,0,0,8
0.010948146262809268,0.7036293212554057,0,0,8
0.3918699064687673,0.4186711891316307,0,0,8
0.4821669710667241,0.1690759370233612,0,0,8
0.9260549649051477,0.8886022028031839,0,0,8
0.8506521830127906,0.7344784680147818,0,0,8
0.7983081217044495,0.8901222554069838,0,0,8
0.13613626848679938,0.21922628605395345,0,0,8
0.2959672037798664,0.263297370910446,0,0,8
0.27915867328812094,0.9754747215774267,0,0,8
0.4408571149116499,0.14779031414874255,0,0,8
0.7427636357358263,0.8895326697148471,0,0,8
0.3333101805893295,0.9693121166704706,0,0,8
0.10990590607371209,0.5251890279510105,0,0,8
0.7097100125476659,0.7032525514246999,0,0,8
0.6291087899954146,0.11068556185289324,0,0,8
0.08148935514468436,0.4651412451313383,0,0,8
0.9349638714821458,0.36977316709076746,0,0,8
0.8628133116034244,0.7277247564570887,0,0,8
0.003732795407512257,0.1790551148625582,0,0,8
0.6928323484874563,0.8432070557605279,0,0,8
0.09195821039474639,0.31781293207202543,0,0,8
0.061068742508094465,0.38655508053677357,0,0,8
0.40989516581923147,0.1963945880591513,0,0,8
0.6781975715161866,0.7414623496099801,0,0,8
0.41552892561778254,0.1194085412978927,0,0,8
0.7001968637856046,0.012034072667260753,0,0,8
0.06254571130601183,0.736950203119778,0,0,8
0.08383482589039715,0.2782160931030627,0,0,8
0.9812193333679163,0.025285231179751233,0,0,8
0.5453297378979285,0.03498063213073277,0,0,8
0.21162922313023091,0.3893894944093155,0,0,8
0.26459041533875094,0.004536880148706235,0,0,8
0.00042222733062968754,0.4225479118319767,0,0,8
0.5663600192760856,0.8401668605535296,0,0,8
0.4771138358904661,0.9575023061289027,0,0,8
0.5683878059598716,0.5685692314513129,0,0,8
0.7021050652251453,0.9009186748905926,0,0,8
0.33031055754774874,0.2596322564814978,0,0,8
0.15136782600080356,0.3246840373231339,0,0,8
0.8932793839314614,0.047475747693474846,0,0,8
0.7927251806773542,0.6078834710313624,0,0,8
0.7402510562448615,0.5586318057801085,0,0,8
0.49709809012355055,0.17458637275399114,0,0,8
0.2762822111073743,0.7849611008378399,0,0,8
0.6857410307216717,0.6079670352763702,0,0,8
0.44742586331011114,0.4951872168685987,0,0,8
0.6061016819022471,0.7898438277082325,0,0,8
0.566017390261184,0.8750692189671683,0,0,8
0.24719844501446497,0.9288694924808307,0,0,8
0.31493260689041036,0.8361775549577649,0,0,8
0.8002094781849877,0.09594002787962586,0,0,8
0.5363230578191021,0.8447427438426477,0,0,8
0.714159270058658,0.9477048547749234,0,0,8
0.7510904727173696,0.06067940108565174,0,0,8
0.8812555091386729,0.4029950317272113,0,0,8
0.8210270894290113,0.8665870351642648,0,0,8
0.08967478611171453,0.8734537983489423,0,0,8
0.0919338592950264,0.6778962026341083,0,0,8
0.1651036566378521,0.028243802406755947,0,0,8
0.043118520542485994,0.31795016518404073,0,0,8
0.8434507489831596,0.6023949783896093,0,0,8
0.07526161401655951,0.6412001644018801,0,0,8
0.8314965028747738,0.3713022973759432,0,0,8
0.21234432700046624,0.29097428187554863,0,0,8
0.24544266327452113,0.7641914896131583,0,0,8
0.856623889200063,0.07920904549470198,0,0,8
0.2783748840733612,0.9124217783663933,0,0,8
0.037358122398320814,0.8161463231802819,0,0,8
0.09520789207144653,0.16524418673774055,0,0,8
0.22985901721805713,0.17503820704256878,0,0,8
0.7703217533997527,0.284952111899927,0,0,8
0.5117336872876236,0.753360526990721,0,0,8
0.40175850956820636,0.31509070803753103,0,0,8
0.728472469603436,0.041126460538290166,0,0,8
0.8934754170877014,0.4032634833585126,0,0,8
0.5293648079911922,0.11634505991397591,0,0,8
0.49808710170645354,0.8349110921760662,0,0,8
0.14852513884230467,0.08344513251700336,0,0,8
0.20077579956185576,0.4598693033637753,0,0,8
0.9217754456247546,0.025570147620161965,0,0,8
0.9197318688291166,0.9169258015441095,0,0,8
0.8229284142670437,0.3699591740027417,0,0,8
0.22896227718240614,0.5785828335753509,0,0,8
0.7615961235601084,0.9574277499871686,0,0,8
0.36391346974562133,0.8441639055540627,0,0,8
0.7043240719740775,0.30683060227348513,0,0,8
0.9132143103389856,0.402809894080935,0,0,8
0.9156190758026875,0.14308608390898325,0,0,8
0.09371521288247586,0.9829681939567375,0,0,8
0.0945481137901748,0.32167265122657573,0,0,8
0.9649290987963371,0.021593918111377675,0,0,8
0.06288884346115042,0.33657206421385266,0,0,8
0.006259285565635153,0.18320482709525177,0,0,8
0.7321491503392845,0.0608153635977513,0,0,8
0.05612259976303069,0.6453158067268502,0,0,8
0.3625816070629345,0.02034078370336512,0,0,8
0.5603712151321611,0.8108345375653727,0,0,8
0.12917935475108544,0.6638763388514877,0,0,8
0.9919054349540442,0.5559939476953848,0,0,8
0.6359966534152232,0.2800115524869614,0,0,8
0.2847236566905994,0.1206119727686864,0,0,8
0.21953041104801074,0.8516601734205953,0,0,8
0.49813451611603543,0.7877879647823696,0,0,8
0.7697443844800397,0.12470601473919118,0,0,8
0.8308858352486329,0.3404206341050353,0,0,8
0.1595903784807038,0.8518000349316014,0,0,8
0.13682691767521638,0.9035543044597494,0,0,8
0.2870431242002852,0.713303409005199,0,0,8
0.13967229209688103,0.026683945532863906,0,0,8
0.7347836737043929,0.2715207247127668,0,0,8
0.1973918068730257,0.611215400000247,0,0,8
0.23888888502019978,0.9236400257760796,0,0,8
0.030277933768766085,0.09836934299330002,0,0,8
0.6033758356311952,0.7535226286629204,0,0,8
0.2573821624815553,0.12977720157368577,0,0,8
0.31711636554262645,0.06646689338274259,0,0,8
0.00901157014188392,0.09073954132402429,0,0,8
0.910762085403172,0.2588289934193123,0,0,8
0.24543642645895447,0.33014641516044557,0,0,8
0.07097894988473685,0.3485352610495437,0,0,8
0.5786680440654144,0.9233426080899554,0,0,8
0.47505098494455733,0.5302622041627354,0,0,8
0.4428997655867435,0.4147971681093957,0,0,8
0.5559502342575032,0.9920364835873468,0,0,8
0.054716158415501925,0.6217934843650759,0,0,8
